{
  "source": "restApi",
  "revision": 1,
  "description": null,
  "createdBy": "{}",
  "createdOn": "",
  "modifiedBy": "{}",
  "modifiedOn": "",
  "isDeleted": false,
  "isDisabled": false,
  "variables": {
    "HostingPlan": {
      "value": "tailspindemo"
    },
    "ResourceGroupName": {
      "value": "TailspinRG"
    }
  },
  "variableGroups": [],
  "environments": [
    {
      "id": 1,
      "name": "Dev",
      "rank": 1,
      "owner": {
        "displayName": "$OwnerDisplayName$",
        "url": "",
        "_links": "{}",
        "id": "$OwnerId$",
        "uniqueName": "$OwnerUniqueName$",
        "imageUrl": "",
        "descriptor": ""
      },
      "variables": {
        "WebsiteName": {
          "value": "tailspin123"
        }
      },
      "variableGroups": [],
      "preDeployApprovals": {
        "approvals": [
          {
            "rank": 1,
            "isAutomated": true,
            "isNotificationOn": false,
            "id": 1
          }
        ],
        "approvalOptions": {
          "requiredApproverCount": null,
          "releaseCreatorCanBeApprover": false,
          "autoTriggeredAndPreviousEnvironmentApprovedCanBeSkipped": false,
          "enforceIdentityRevalidation": false,
          "timeoutInMinutes": 0,
          "executionOrder": "beforeGates"
        }
      },
      "deployStep": {
        "id": 6
      },
      "postDeployApprovals": {
        "approvals": [
          {
            "rank": 1,
            "isAutomated": true,
            "isNotificationOn": false,
            "id": 7
          }
        ],
        "approvalOptions": {
          "requiredApproverCount": null,
          "releaseCreatorCanBeApprover": false,
          "autoTriggeredAndPreviousEnvironmentApprovedCanBeSkipped": false,
          "enforceIdentityRevalidation": false,
          "timeoutInMinutes": 0,
          "executionOrder": "afterSuccessfulGates"
        }
      },
      "deployPhases": [
        {
          "deploymentInput": {
            "parallelExecution": {
              "parallelExecutionType": "none"
            },
            "agentSpecification": {
              "identifier": "windows-2019"
            },
            "skipArtifactsDownload": false,
            "artifactsDownloadInput": {
              "downloadInputs": []
            },
            "queueId": "$Azure Pipelines$",
            "demands": [],
            "enableAccessToken": false,
            "timeoutInMinutes": 0,
            "jobCancelTimeoutInMinutes": 1,
            "condition": "succeeded()",
            "overrideInputs": {}
          },
          "rank": 1,
          "phaseType": "agentBasedDeployment",
          "name": "Dev",
          "refName": null,
          "workflowTasks": [
            {
              "environment": {},
              "taskId": "46e4be58-730b-4389-8a2f-ea10b3e5e815",
              "version": "2.*",
              "name": "Azure CLI ",
              "refName": "",
              "enabled": true,
              "alwaysRun": false,
              "continueOnError": false,
              "timeoutInMinutes": 0,
              "retryCountOnTaskFailure": 0,
              "definitionType": "task",
              "overrideInputs": {},
              "condition": "succeeded()",
              "inputs": {
                "connectedServiceNameARM": "",
                "scriptType": "ps",
                "scriptLocation": "inlineScript",
                "scriptPath": "",
                "inlineScript": "az group create --name $(ResourceGroupName) --location eastus\n\naz deployment group create --resource-group $(ResourceGroupName) --template-file $(System.DefaultWorkingDirectory)/_TailspinDemo/drop/Bicep/TailspinResources.bicep --parameters websiteName=$(WebsiteName) hostingPlanName=$(HostingPlan)",
                "scriptArguments": "",
                "powerShellErrorActionPreference": "stop",
                "addSpnToEnvironment": "false",
                "useGlobalConfig": "false",
                "cwd": "",
                "failOnStandardError": "false",
                "powerShellIgnoreLASTEXITCODE": "false"
              }
            },
            {
              "environment": {},
              "taskId": "497d490f-eea7-4f2b-ab94-48d9c1acdcb1",
              "version": "3.*",
              "name": "Azure App Service Deploy",
              "refName": "AzureRmWebAppDeployment2",
              "enabled": true,
              "alwaysRun": false,
              "continueOnError": false,
              "timeoutInMinutes": 0,
              "retryCountOnTaskFailure": 0,
              "definitionType": "task",
              "overrideInputs": {},
              "condition": "succeeded()",
              "inputs": {
                "ConnectedServiceName": "",
                "WebAppKind": "app",
                "WebAppName": "$(WebsiteName)",
                "DeployToSlotFlag": "true",
                "ResourceGroupName": "$(ResourceGroupName)",
                "SlotName": "dev",
                "ImageSource": "Registry",
                "AzureContainerRegistry": "",
                "AzureContainerRegistryLoginServer": "",
                "AzureContainerRegistryImage": "",
                "AzureContainerRegistryTag": "",
                "DockerRepositoryAccess": "public",
                "RegistryConnectedServiceName": "",
                "PrivateRegistryImage": "",
                "PrivateRegistryTag": "",
                "DockerNamespace": "",
                "DockerRepository": "",
                "DockerImageTag": "",
                "VirtualApplication": "",
                "Package": "$(System.DefaultWorkingDirectory)/**/Tailspin.SpaceGame.Web.zip",
                "BuiltinLinuxPackage": "$(System.DefaultWorkingDirectory)/**/*.zip",
                "RuntimeStack": "",
                "StartupCommand": "",
                "WebAppUri": "",
                "ScriptType": "",
                "InlineScript": ":: You can provide your deployment commands here. One command per line.",
                "ScriptPath": "",
                "GenerateWebConfig": "false",
                "WebConfigParameters": "",
                "AppSettings": "",
                "ConfigurationSettings": "",
                "TakeAppOfflineFlag": "false",
                "UseWebDeploy": "false",
                "SetParametersFile": "",
                "RemoveAdditionalFilesFlag": "false",
                "ExcludeFilesFromAppDataFlag": "false",
                "AdditionalArguments": "",
                "RenameFilesFlag": "false",
                "XmlTransformation": "false",
                "XmlVariableSubstitution": "false",
                "JSONFiles": ""
              }
            }
          ]
        }
      ],
      "environmentOptions": {
        "emailNotificationType": "OnlyOnFailure",
        "emailRecipients": "release.environment.owner;release.creator",
        "skipArtifactsDownload": false,
        "timeoutInMinutes": 0,
        "enableAccessToken": false,
        "publishDeploymentStatus": false,
        "badgeEnabled": false,
        "autoLinkWorkItems": false,
        "pullRequestDeploymentEnabled": false
      },
      "demands": [],
      "conditions": [
        {
          "name": "ReleaseStarted",
          "conditionType": "event",
          "value": "",
          "result": null
        }
      ],
      "executionPolicy": {
        "concurrencyCount": 0,
        "queueDepthCount": 0
      },
      "schedules": [],
      "currentRelease": {
        "id": 0,
        "url": "https://vsrm.dev.azure.com/sikebe/b4900dfa-b1b3-4149-9e92-6e368a7bf469/_apis/Release/releases/0",
        "_links": {}
      },
      "retentionPolicy": {
        "daysToKeep": 30,
        "releasesToKeep": 3,
        "retainBuild": true
      },
      "processParameters": {},
      "properties": {
        "LinkBoardsWorkItems": {
          "$type": "System.String",
          "$value": "False"
        }
      },
      "preDeploymentGates": {
        "id": 0,
        "gatesOptions": null,
        "gates": []
      },
      "postDeploymentGates": {
        "id": 0,
        "gatesOptions": null,
        "gates": []
      },
      "environmentTriggers": [],
      "badgeUrl": ""
    },
    {
      "id": 2,
      "name": "QA",
      "rank": 2,
      "owner": {
        "displayName": "$OwnerDisplayName$",
        "url": "",
        "_links": "{}",
        "id": "$OwnerId$",
        "uniqueName": "$OwnerUniqueName$",
        "imageUrl": "",
        "descriptor": ""
      },
      "variables": {
        "WebsiteName": {
          "value": "tailspin123"
        }
      },
      "variableGroups": [],
      "preDeployApprovals": {
        "approvals": [
          {
            "rank": 1,
            "isAutomated": true,
            "isNotificationOn": false,
            "id": 2
          }
        ],
        "approvalOptions": {
          "requiredApproverCount": null,
          "releaseCreatorCanBeApprover": false,
          "autoTriggeredAndPreviousEnvironmentApprovedCanBeSkipped": false,
          "enforceIdentityRevalidation": false,
          "timeoutInMinutes": 0,
          "executionOrder": "beforeGates"
        }
      },
      "deployStep": {
        "id": 5
      },
      "postDeployApprovals": {
        "approvals": [
          {
            "rank": 1,
            "isAutomated": true,
            "isNotificationOn": false,
            "id": 8
          }
        ],
        "approvalOptions": {
          "requiredApproverCount": null,
          "releaseCreatorCanBeApprover": false,
          "autoTriggeredAndPreviousEnvironmentApprovedCanBeSkipped": false,
          "enforceIdentityRevalidation": false,
          "timeoutInMinutes": 0,
          "executionOrder": "afterSuccessfulGates"
        }
      },
      "deployPhases": [
        {
          "deploymentInput": {
            "parallelExecution": {
              "parallelExecutionType": "none"
            },
            "agentSpecification": {
              "identifier": "windows-2019"
            },
            "skipArtifactsDownload": false,
            "artifactsDownloadInput": {
              "downloadInputs": []
            },
            "queueId": "$Azure Pipelines$",
            "demands": [],
            "enableAccessToken": false,
            "timeoutInMinutes": 0,
            "jobCancelTimeoutInMinutes": 1,
            "condition": "succeeded()",
            "overrideInputs": {}
          },
          "rank": 1,
          "phaseType": "agentBasedDeployment",
          "name": "QA",
          "refName": null,
          "workflowTasks": [
            {
              "environment": {},
              "taskId": "497d490f-eea7-4f2b-ab94-48d9c1acdcb1",
              "version": "3.*",
              "name": "Azure App Service Deploy",
              "refName": "AzureRmWebAppDeployment1",
              "enabled": true,
              "alwaysRun": false,
              "continueOnError": false,
              "timeoutInMinutes": 0,
              "retryCountOnTaskFailure": 0,
              "definitionType": "task",
              "overrideInputs": {},
              "condition": "succeeded()",
              "inputs": {
                "ConnectedServiceName": "",
                "WebAppKind": "app",
                "WebAppName": "$(WebsiteName)",
                "DeployToSlotFlag": "true",
                "ResourceGroupName": "$(ResourceGroupName)",
                "SlotName": "staging",
                "ImageSource": "Registry",
                "AzureContainerRegistry": "",
                "AzureContainerRegistryLoginServer": "",
                "AzureContainerRegistryImage": "",
                "AzureContainerRegistryTag": "",
                "DockerRepositoryAccess": "public",
                "RegistryConnectedServiceName": "",
                "PrivateRegistryImage": "",
                "PrivateRegistryTag": "",
                "DockerNamespace": "",
                "DockerRepository": "",
                "DockerImageTag": "",
                "VirtualApplication": "",
                "Package": "$(System.DefaultWorkingDirectory)/**/Tailspin.SpaceGame.Web.zip",
                "BuiltinLinuxPackage": "$(System.DefaultWorkingDirectory)/**/*.zip",
                "RuntimeStack": "",
                "StartupCommand": "",
                "WebAppUri": "",
                "ScriptType": "",
                "InlineScript": ":: You can provide your deployment commands here. One command per line.",
                "ScriptPath": "",
                "GenerateWebConfig": "false",
                "WebConfigParameters": "",
                "AppSettings": "",
                "ConfigurationSettings": "",
                "TakeAppOfflineFlag": "false",
                "UseWebDeploy": "false",
                "SetParametersFile": "",
                "RemoveAdditionalFilesFlag": "false",
                "ExcludeFilesFromAppDataFlag": "false",
                "AdditionalArguments": "",
                "RenameFilesFlag": "false",
                "XmlTransformation": "false",
                "XmlVariableSubstitution": "false",
                "JSONFiles": ""
              }
            }
          ]
        }
      ],
      "environmentOptions": {
        "emailNotificationType": "OnlyOnFailure",
        "emailRecipients": "release.environment.owner;release.creator",
        "skipArtifactsDownload": false,
        "timeoutInMinutes": 0,
        "enableAccessToken": false,
        "publishDeploymentStatus": false,
        "badgeEnabled": false,
        "autoLinkWorkItems": false,
        "pullRequestDeploymentEnabled": false
      },
      "demands": [],
      "conditions": [
        {
          "name": "Dev",
          "conditionType": "environmentState",
          "value": "4",
          "result": null
        }
      ],
      "executionPolicy": {
        "concurrencyCount": 0,
        "queueDepthCount": 0
      },
      "schedules": [],
      "currentRelease": {
        "id": 0,
        "url": "https://vsrm.dev.azure.com/sikebe/b4900dfa-b1b3-4149-9e92-6e368a7bf469/_apis/Release/releases/0",
        "_links": {}
      },
      "retentionPolicy": {
        "daysToKeep": 30,
        "releasesToKeep": 3,
        "retainBuild": true
      },
      "processParameters": {},
      "properties": {
        "LinkBoardsWorkItems": {
          "$type": "System.String",
          "$value": "False"
        }
      },
      "preDeploymentGates": {
        "id": 0,
        "gatesOptions": null,
        "gates": []
      },
      "postDeploymentGates": {
        "id": 0,
        "gatesOptions": null,
        "gates": []
      },
      "environmentTriggers": [],
      "badgeUrl": ""
    },
    {
      "id": 3,
      "name": "Production",
      "rank": 3,
      "owner": {
        "displayName": "$OwnerDisplayName$",
        "url": "",
        "_links": "{}",
        "id": "$OwnerId$",
        "uniqueName": "$OwnerUniqueName$",
        "imageUrl": "",
        "descriptor": ""
      },
      "variables": {
        "WebsiteName": {
          "value": "tailspin123"
        }
      },
      "variableGroups": [],
      "preDeployApprovals": {
        "approvals": [
          {
            "rank": 1,
            "isAutomated": true,
            "isNotificationOn": false,
            "id": 3
          }
        ],
        "approvalOptions": {
          "requiredApproverCount": null,
          "releaseCreatorCanBeApprover": false,
          "autoTriggeredAndPreviousEnvironmentApprovedCanBeSkipped": false,
          "enforceIdentityRevalidation": false,
          "timeoutInMinutes": 0,
          "executionOrder": "beforeGates"
        }
      },
      "deployStep": {
        "id": 4
      },
      "postDeployApprovals": {
        "approvals": [
          {
            "rank": 1,
            "isAutomated": true,
            "isNotificationOn": false,
            "id": 9
          }
        ],
        "approvalOptions": {
          "requiredApproverCount": null,
          "releaseCreatorCanBeApprover": false,
          "autoTriggeredAndPreviousEnvironmentApprovedCanBeSkipped": false,
          "enforceIdentityRevalidation": false,
          "timeoutInMinutes": 0,
          "executionOrder": "afterSuccessfulGates"
        }
      },
      "deployPhases": [
        {
          "deploymentInput": {
            "parallelExecution": {
              "parallelExecutionType": "none"
            },
            "agentSpecification": {
              "identifier": "windows-2019"
            },
            "skipArtifactsDownload": false,
            "artifactsDownloadInput": {
              "downloadInputs": [
                {
                  "alias": "_TailspinDemo",
                  "artifactType": "Build",
                  "artifactDownloadMode": "All",
                  "artifactItems": []
                }
              ]
            },
            "queueId": "$Azure Pipelines$",
            "demands": [],
            "enableAccessToken": false,
            "timeoutInMinutes": 0,
            "jobCancelTimeoutInMinutes": 1,
            "condition": "succeeded()",
            "overrideInputs": {}
          },
          "rank": 1,
          "phaseType": "agentBasedDeployment",
          "name": "Production",
          "refName": null,
          "workflowTasks": [
            {
              "environment": {},
              "taskId": "497d490f-eea7-4f2b-ab94-48d9c1acdcb1",
              "version": "3.*",
              "name": "Azure App Service Deploy",
              "refName": "AzureRmWebAppDeployment1",
              "enabled": true,
              "alwaysRun": false,
              "continueOnError": false,
              "timeoutInMinutes": 0,
              "retryCountOnTaskFailure": 0,
              "definitionType": "task",
              "overrideInputs": {},
              "condition": "succeeded()",
              "inputs": {
                "ConnectedServiceName": "",
                "WebAppKind": "app",
                "WebAppName": "$(WebsiteName)",
                "DeployToSlotFlag": "false",
                "ResourceGroupName": "",
                "SlotName": "",
                "ImageSource": "Registry",
                "AzureContainerRegistry": "",
                "AzureContainerRegistryLoginServer": "",
                "AzureContainerRegistryImage": "",
                "AzureContainerRegistryTag": "",
                "DockerRepositoryAccess": "public",
                "RegistryConnectedServiceName": "",
                "PrivateRegistryImage": "",
                "PrivateRegistryTag": "",
                "DockerNamespace": "",
                "DockerRepository": "",
                "DockerImageTag": "",
                "VirtualApplication": "",
                "Package": "$(System.DefaultWorkingDirectory)/**/Tailspin.SpaceGame.Web.zip",
                "BuiltinLinuxPackage": "$(System.DefaultWorkingDirectory)/**/*.zip",
                "RuntimeStack": "",
                "StartupCommand": "",
                "WebAppUri": "",
                "ScriptType": "",
                "InlineScript": ":: You can provide your deployment commands here. One command per line.",
                "ScriptPath": "",
                "GenerateWebConfig": "false",
                "WebConfigParameters": "",
                "AppSettings": "",
                "ConfigurationSettings": "",
                "TakeAppOfflineFlag": "false",
                "UseWebDeploy": "false",
                "SetParametersFile": "",
                "RemoveAdditionalFilesFlag": "false",
                "ExcludeFilesFromAppDataFlag": "false",
                "AdditionalArguments": "",
                "RenameFilesFlag": "false",
                "XmlTransformation": "false",
                "XmlVariableSubstitution": "false",
                "JSONFiles": ""
              }
            }
          ]
        }
      ],
      "environmentOptions": {
        "emailNotificationType": "OnlyOnFailure",
        "emailRecipients": "release.environment.owner;release.creator",
        "skipArtifactsDownload": false,
        "timeoutInMinutes": 0,
        "enableAccessToken": false,
        "publishDeploymentStatus": false,
        "badgeEnabled": false,
        "autoLinkWorkItems": false,
        "pullRequestDeploymentEnabled": false
      },
      "demands": [],
      "conditions": [
        {
          "name": "QA",
          "conditionType": "environmentState",
          "value": "4",
          "result": null
        }
      ],
      "executionPolicy": {
        "concurrencyCount": 0,
        "queueDepthCount": 0
      },
      "schedules": [],
      "currentRelease": {
        "id": 0,
        "url": "https://vsrm.dev.azure.com/sikebe/b4900dfa-b1b3-4149-9e92-6e368a7bf469/_apis/Release/releases/0",
        "_links": {}
      },
      "retentionPolicy": {
        "daysToKeep": 30,
        "releasesToKeep": 3,
        "retainBuild": true
      },
      "processParameters": {},
      "properties": {
        "LinkBoardsWorkItems": {
          "$type": "System.String",
          "$value": "False"
        }
      },
      "preDeploymentGates": {
        "id": 0,
        "gatesOptions": null,
        "gates": []
      },
      "postDeploymentGates": {
        "id": 0,
        "gatesOptions": null,
        "gates": []
      },
      "environmentTriggers": [],
      "badgeUrl": ""
    }
  ],
  "artifacts": [
    {
      "sourceId": "$ProjectId$:$TailspinDemo-id$",
      "type": "Build",
      "alias": "_TailspinDemo",
      "definitionReference": {
        "defaultVersionBranch": {
          "id": "",
          "name": ""
        },
        "defaultVersionSpecific": {
          "id": "",
          "name": ""
        },
        "defaultVersionTags": {
          "id": "",
          "name": ""
        },
        "defaultVersionType": {
          "id": "latestType",
          "name": "Latest"
        },
        "definition": {
          "id": "$TailspinDemo-id$",
          "name": "TailspinDemo"
        },
        "definitions": {
          "id": "",
          "name": ""
        },
        "IsMultiDefinitionType": {
          "id": "False",
          "name": "False"
        },
        "project": {
          "id": "$ProjectId$",
          "name": "$ProjectName$"
        },
        "repository": {
          "id": "",
          "name": ""
        },
        "artifactSourceDefinitionUrl": "{}"
      },
      "isPrimary": true,
      "isRetained": false
    }
  ],
  "triggers": [],
  "releaseNameFormat": "Release-$(rev:r)",
  "tags": [],
  "properties": {
    "DefinitionCreationSource": {
      "$type": "System.String",
      "$value": "ReleaseImport"
    },
    "IntegrateBoardsWorkItems": {
      "$type": "System.String",
      "$value": "False"
    },
    "IntegrateJiraWorkItems": {
      "$type": "System.String",
      "$value": "false"
    }
  },
  "id": "",
  "name": "TailspinE2E",
  "path": "\\",
  "projectReference": null,
  "url": "",
  "_links": "{}"
}