{
  "count": 2,
  "value": [
    {
      "id": 356,
      "rev": 1,
      "fields": {
        "System.AreaPath": "Tailspin",
        "System.TeamProject": "Tailspin",
        "System.IterationPath": "$ProjectName$\\Sprint 3",
        "System.WorkItemType": "Bug",
        "System.State": "New",
        "System.Reason": "New defect reported",
        "System.CreatedDate": "2024-02-27T01:16:24.003Z",
        "System.CreatedBy": "Shodai Ikebe <shodaiikebe@microsoft.com>",
        "System.ChangedDate": "2024-02-27T01:16:24.003Z",
        "System.ChangedBy": "Shodai Ikebe <shodaiikebe@microsoft.com>",
        "System.Title": "Sel_IE_Navigate Failed in 2488",
        "Microsoft.VSTS.Scheduling.Effort": 0.0,
        "System.Description": "Sel_IE_Navigate Failed in 2488",
        "System.AssignedTo": null,
        "Microsoft.VSTS.Scheduling.RemainingWork": 0.0,
        "Microsoft.VSTS.Common.Priority": 2.0,
        "System.BoardLane": null,
        "System.Tags": null,
        "Microsoft.VSTS.TCM.Steps": null,
        "Microsoft.VSTS.TCM.Parameters": null,
        "Microsoft.VSTS.TCM.LocalDataSource": null,
        "Microsoft.VSTS.TCM.AutomationStatus": null,
        "System.History": null
      },
      "relations": [
        {
          "rel": "System.LinkTypes.Hierarchy-Reverse",
          "url": "https://dev.azure.com/sikebe/_apis/wit/workItems/376",
          "attributes": {
            "isLocked": "false",
            "comment": "Making a new link for the dependency",
            "name": "Parent"
          }
        }
      ],
      "url": "https://dev.azure.com/sikebe/_apis/wit/workItems/356"
    },
    {
      "id": 357,
      "rev": 2,
      "fields": {
        "System.AreaPath": "Tailspin",
        "System.TeamProject": "Tailspin",
        "System.IterationPath": "Tailspin",
        "System.WorkItemType": "Bug",
        "System.State": "Approved",
        "System.Reason": "Approved by the Product Owner",
        "System.CreatedDate": "2024-02-27T01:16:24.307Z",
        "System.CreatedBy": "Shodai Ikebe <shodaiikebe@microsoft.com>",
        "System.ChangedDate": "2024-02-27T01:17:24.887Z",
        "System.ChangedBy": "Shodai Ikebe <shodaiikebe@microsoft.com>",
        "System.Title": "Decline in orders noticed - Please Investigate immediately",
        "Microsoft.VSTS.Scheduling.Effort": 0.0,
        "System.Description": "Decline in orders noticed - Please Investigate immediately",
        "System.AssignedTo": null,
        "Microsoft.VSTS.Scheduling.RemainingWork": 0.0,
        "Microsoft.VSTS.Common.Priority": 1.0,
        "System.BoardLane": null,
        "System.Tags": null,
        "Microsoft.VSTS.TCM.Steps": null,
        "Microsoft.VSTS.TCM.Parameters": null,
        "Microsoft.VSTS.TCM.LocalDataSource": null,
        "Microsoft.VSTS.TCM.AutomationStatus": null,
        "System.History": null
      },
      "relations": [
        {
          "rel": "ArtifactLink",
          "url": "vstfs:///Git/PullRequestId/78cc727c-96da-4717-8273-a71958de80d2%2F71177fde-aedb-41bd-a1d8-e82e8855421e%2F$Fixed Product Search Functionality$",
          "attributes": {
            "authorizedDate": "2024-02-27T01:17:24.887Z",
            "id": "24561683",
            "resourceCreatedDate": "2024-02-27T01:17:24.887Z",
            "resourceModifiedDate": "2024-02-27T01:17:24.887Z",
            "revisedDate": "9999-01-01T00:00:00Z",
            "name": "Pull Request"
          }
        }
      ],
      "url": "https://dev.azure.com/sikebe/_apis/wit/workItems/357"
    }
  ],
  "HttpStatusCode": 0,
  "Message": null
}