{
  "count": 16,
  "value": [
    {
      "id": 16,
      "rev": 1,
      "fields": {
        "System.AreaPath": "Tailspin",
        "System.TeamProject": "Tailspin",
        "System.IterationPath": "Tailspin",
        "System.WorkItemType": "Epic",
        "System.State": "New",
        "System.Reason": "New epic",
        "System.CreatedDate": "2024-02-27T00:28:30.877Z",
        "System.CreatedBy": "Shodai Ikebe <shodaiikebe@microsoft.com>",
        "System.ChangedDate": "2024-02-27T00:28:30.877Z",
        "System.ChangedBy": "Shodai Ikebe <shodaiikebe@microsoft.com>",
        "System.Title": "As marketer, I want to run an A|B test on alternative Web Sites using Application Insights.",
        "Microsoft.VSTS.Scheduling.Effort": 0.0,
        "System.Description": "As marketer, I want to run an A|B test on alternative Web Sites using Application Insights.",
        "System.AssignedTo": null,
        "Microsoft.VSTS.Scheduling.RemainingWork": 0.0,
        "Microsoft.VSTS.Common.Priority": 2.0,
        "System.BoardLane": null,
        "System.Tags": null,
        "Microsoft.VSTS.TCM.Steps": null,
        "Microsoft.VSTS.TCM.Parameters": null,
        "Microsoft.VSTS.TCM.LocalDataSource": null,
        "Microsoft.VSTS.TCM.AutomationStatus": null,
        "System.History": null
      },
      "relations": [
        {
          "rel": "System.LinkTypes.Hierarchy-Forward",
          "url": "https://dev.azure.com/sikebe/_apis/wit/workItems/42",
          "attributes": {
            "isLocked": "false",
            "comment": "Making a new link for the dependency",
            "name": "Child"
          }
        }
      ],
      "url": "https://dev.azure.com/sikebe/_apis/wit/workItems/16"
    },
    {
      "id": 17,
      "rev": 1,
      "fields": {
        "System.AreaPath": "Tailspin",
        "System.TeamProject": "Tailspin",
        "System.IterationPath": "Tailspin",
        "System.WorkItemType": "Epic",
        "System.State": "New",
        "System.Reason": "New epic",
        "System.CreatedDate": "2024-02-27T00:28:31.58Z",
        "System.CreatedBy": "Shodai Ikebe <shodaiikebe@microsoft.com>",
        "System.ChangedDate": "2024-02-27T00:28:31.58Z",
        "System.ChangedBy": "Shodai Ikebe <shodaiikebe@microsoft.com>",
        "System.Title": "Shopping Cart Facility",
        "Microsoft.VSTS.Scheduling.Effort": 0.0,
        "System.Description": "Shopping Cart Facility",
        "System.AssignedTo": null,
        "Microsoft.VSTS.Scheduling.RemainingWork": 0.0,
        "Microsoft.VSTS.Common.Priority": 2.0,
        "System.BoardLane": null,
        "System.Tags": null,
        "Microsoft.VSTS.TCM.Steps": null,
        "Microsoft.VSTS.TCM.Parameters": null,
        "Microsoft.VSTS.TCM.LocalDataSource": null,
        "Microsoft.VSTS.TCM.AutomationStatus": null,
        "System.History": null
      },
      "relations": [
        {
          "rel": "System.LinkTypes.Hierarchy-Forward",
          "url": "https://dev.azure.com/sikebe/_apis/wit/workItems/43",
          "attributes": {
            "isLocked": "false",
            "comment": "Making a new link for the dependency",
            "name": "Child"
          }
        },
        {
          "rel": "System.LinkTypes.Hierarchy-Forward",
          "url": "https://dev.azure.com/sikebe/_apis/wit/workItems/36",
          "attributes": {
            "isLocked": "false",
            "comment": "Making a new link for the dependency",
            "name": "Child"
          }
        },
        {
          "rel": "System.LinkTypes.Hierarchy-Forward",
          "url": "https://dev.azure.com/sikebe/_apis/wit/workItems/39",
          "attributes": {
            "isLocked": "false",
            "comment": "Making a new link for the dependency",
            "name": "Child"
          }
        },
        {
          "rel": "System.LinkTypes.Hierarchy-Forward",
          "url": "https://dev.azure.com/sikebe/_apis/wit/workItems/38",
          "attributes": {
            "isLocked": "false",
            "comment": "Making a new link for the dependency",
            "name": "Child"
          }
        }
      ],
      "url": "https://dev.azure.com/sikebe/_apis/wit/workItems/17"
    },
    {
      "id": 18,
      "rev": 1,
      "fields": {
        "System.AreaPath": "Tailspin",
        "System.TeamProject": "Tailspin",
        "System.IterationPath": "Tailspin",
        "System.WorkItemType": "Epic",
        "System.State": "New",
        "System.Reason": "New epic",
        "System.CreatedDate": "2024-02-27T00:28:31.91Z",
        "System.CreatedBy": "Shodai Ikebe <shodaiikebe@microsoft.com>",
        "System.ChangedDate": "2024-02-27T00:28:31.91Z",
        "System.ChangedBy": "Shodai Ikebe <shodaiikebe@microsoft.com>",
        "System.Title": "Online tracking of shipments",
        "Microsoft.VSTS.Scheduling.Effort": 0.0,
        "System.Description": "Online tracking of shipments",
        "System.AssignedTo": null,
        "Microsoft.VSTS.Scheduling.RemainingWork": 0.0,
        "Microsoft.VSTS.Common.Priority": 2.0,
        "System.BoardLane": null,
        "System.Tags": null,
        "Microsoft.VSTS.TCM.Steps": null,
        "Microsoft.VSTS.TCM.Parameters": null,
        "Microsoft.VSTS.TCM.LocalDataSource": null,
        "Microsoft.VSTS.TCM.AutomationStatus": null,
        "System.History": null
      },
      "relations": [
        {
          "rel": "System.LinkTypes.Hierarchy-Forward",
          "url": "https://dev.azure.com/sikebe/_apis/wit/workItems/40",
          "attributes": {
            "isLocked": "false",
            "comment": "Making a new link for the dependency",
            "name": "Child"
          }
        },
        {
          "rel": "System.LinkTypes.Hierarchy-Forward",
          "url": "https://dev.azure.com/sikebe/_apis/wit/workItems/37",
          "attributes": {
            "isLocked": "false",
            "comment": "Making a new link for the dependency",
            "name": "Child"
          }
        }
      ],
      "url": "https://dev.azure.com/sikebe/_apis/wit/workItems/18"
    },
    {
      "id": 19,
      "rev": 1,
      "fields": {
        "System.AreaPath": "Tailspin",
        "System.TeamProject": "Tailspin",
        "System.IterationPath": "Tailspin",
        "System.WorkItemType": "Epic",
        "System.State": "New",
        "System.Reason": "New epic",
        "System.CreatedDate": "2024-02-27T00:28:32.623Z",
        "System.CreatedBy": "Shodai Ikebe <shodaiikebe@microsoft.com>",
        "System.ChangedDate": "2024-02-27T00:28:32.623Z",
        "System.ChangedBy": "Shodai Ikebe <shodaiikebe@microsoft.com>",
        "System.Title": "Product reviews and ratings",
        "Microsoft.VSTS.Scheduling.Effort": 0.0,
        "System.Description": "Product reviews and ratings",
        "System.AssignedTo": null,
        "Microsoft.VSTS.Scheduling.RemainingWork": 0.0,
        "Microsoft.VSTS.Common.Priority": 2.0,
        "System.BoardLane": null,
        "System.Tags": null,
        "Microsoft.VSTS.TCM.Steps": null,
        "Microsoft.VSTS.TCM.Parameters": null,
        "Microsoft.VSTS.TCM.LocalDataSource": null,
        "Microsoft.VSTS.TCM.AutomationStatus": null,
        "System.History": null
      },
      "relations": [
        {
          "rel": "System.LinkTypes.Hierarchy-Forward",
          "url": "https://dev.azure.com/sikebe/_apis/wit/workItems/35",
          "attributes": {
            "isLocked": "false",
            "comment": "Making a new link for the dependency",
            "name": "Child"
          }
        },
        {
          "rel": "System.LinkTypes.Hierarchy-Forward",
          "url": "https://dev.azure.com/sikebe/_apis/wit/workItems/34",
          "attributes": {
            "isLocked": "false",
            "comment": "Making a new link for the dependency",
            "name": "Child"
          }
        }
      ],
      "url": "https://dev.azure.com/sikebe/_apis/wit/workItems/19"
    },
    {
      "id": 20,
      "rev": 1,
      "fields": {
        "System.AreaPath": "Tailspin",
        "System.TeamProject": "Tailspin",
        "System.IterationPath": "Tailspin",
        "System.WorkItemType": "Epic",
        "System.State": "New",
        "System.Reason": "New epic",
        "System.CreatedDate": "2024-02-27T00:28:32.977Z",
        "System.CreatedBy": "Shodai Ikebe <shodaiikebe@microsoft.com>",
        "System.ChangedDate": "2024-02-27T00:28:32.977Z",
        "System.ChangedBy": "Shodai Ikebe <shodaiikebe@microsoft.com>",
        "System.Title": "Promotion and Rewards",
        "Microsoft.VSTS.Scheduling.Effort": 0.0,
        "System.Description": "Promotion and Rewards",
        "System.AssignedTo": null,
        "Microsoft.VSTS.Scheduling.RemainingWork": 0.0,
        "Microsoft.VSTS.Common.Priority": 2.0,
        "System.BoardLane": null,
        "System.Tags": null,
        "Microsoft.VSTS.TCM.Steps": null,
        "Microsoft.VSTS.TCM.Parameters": null,
        "Microsoft.VSTS.TCM.LocalDataSource": null,
        "Microsoft.VSTS.TCM.AutomationStatus": null,
        "System.History": null
      },
      "relations": [
        {
          "rel": "System.LinkTypes.Hierarchy-Forward",
          "url": "https://dev.azure.com/sikebe/_apis/wit/workItems/44",
          "attributes": {
            "isLocked": "false",
            "comment": "Making a new link for the dependency",
            "name": "Child"
          }
        },
        {
          "rel": "System.LinkTypes.Hierarchy-Forward",
          "url": "https://dev.azure.com/sikebe/_apis/wit/workItems/47",
          "attributes": {
            "isLocked": "false",
            "comment": "Making a new link for the dependency",
            "name": "Child"
          }
        }
      ],
      "url": "https://dev.azure.com/sikebe/_apis/wit/workItems/20"
    },
    {
      "id": 21,
      "rev": 1,
      "fields": {
        "System.AreaPath": "Tailspin",
        "System.TeamProject": "Tailspin",
        "System.IterationPath": "Tailspin",
        "System.WorkItemType": "Epic",
        "System.State": "New",
        "System.Reason": "New epic",
        "System.CreatedDate": "2024-02-27T00:28:33.437Z",
        "System.CreatedBy": "Shodai Ikebe <shodaiikebe@microsoft.com>",
        "System.ChangedDate": "2024-02-27T00:28:33.437Z",
        "System.ChangedBy": "Shodai Ikebe <shodaiikebe@microsoft.com>",
        "System.Title": "Notification",
        "Microsoft.VSTS.Scheduling.Effort": 0.0,
        "System.Description": "Notification",
        "System.AssignedTo": null,
        "Microsoft.VSTS.Scheduling.RemainingWork": 0.0,
        "Microsoft.VSTS.Common.Priority": 2.0,
        "System.BoardLane": null,
        "System.Tags": null,
        "Microsoft.VSTS.TCM.Steps": null,
        "Microsoft.VSTS.TCM.Parameters": null,
        "Microsoft.VSTS.TCM.LocalDataSource": null,
        "Microsoft.VSTS.TCM.AutomationStatus": null,
        "System.History": null
      },
      "relations": [
        {
          "rel": "System.LinkTypes.Hierarchy-Forward",
          "url": "https://dev.azure.com/sikebe/_apis/wit/workItems/41",
          "attributes": {
            "isLocked": "false",
            "comment": "Making a new link for the dependency",
            "name": "Child"
          }
        }
      ],
      "url": "https://dev.azure.com/sikebe/_apis/wit/workItems/21"
    },
    {
      "id": 22,
      "rev": 1,
      "fields": {
        "System.AreaPath": "Tailspin",
        "System.TeamProject": "Tailspin",
        "System.IterationPath": "Tailspin",
        "System.WorkItemType": "Epic",
        "System.State": "New",
        "System.Reason": "New epic",
        "System.CreatedDate": "2024-02-27T00:28:34.07Z",
        "System.CreatedBy": "Shodai Ikebe <shodaiikebe@microsoft.com>",
        "System.ChangedDate": "2024-02-27T00:28:34.07Z",
        "System.ChangedBy": "Shodai Ikebe <shodaiikebe@microsoft.com>",
        "System.Title": "Membership and Rewards Program",
        "Microsoft.VSTS.Scheduling.Effort": 0.0,
        "System.Description": "Membership and Rewards Program",
        "System.AssignedTo": null,
        "Microsoft.VSTS.Scheduling.RemainingWork": 0.0,
        "Microsoft.VSTS.Common.Priority": 2.0,
        "System.BoardLane": null,
        "System.Tags": null,
        "Microsoft.VSTS.TCM.Steps": null,
        "Microsoft.VSTS.TCM.Parameters": null,
        "Microsoft.VSTS.TCM.LocalDataSource": null,
        "Microsoft.VSTS.TCM.AutomationStatus": null,
        "System.History": null
      },
      "relations": [
        {
          "rel": "System.LinkTypes.Hierarchy-Forward",
          "url": "https://dev.azure.com/sikebe/_apis/wit/workItems/33",
          "attributes": {
            "isLocked": "false",
            "comment": "Making a new link for the dependency",
            "name": "Child"
          }
        },
        {
          "rel": "System.LinkTypes.Hierarchy-Forward",
          "url": "https://dev.azure.com/sikebe/_apis/wit/workItems/32",
          "attributes": {
            "isLocked": "false",
            "comment": "Making a new link for the dependency",
            "name": "Child"
          }
        }
      ],
      "url": "https://dev.azure.com/sikebe/_apis/wit/workItems/22"
    },
    {
      "id": 23,
      "rev": 1,
      "fields": {
        "System.AreaPath": "Tailspin",
        "System.TeamProject": "Tailspin",
        "System.IterationPath": "Tailspin",
        "System.WorkItemType": "Epic",
        "System.State": "New",
        "System.Reason": "New epic",
        "System.CreatedDate": "2024-02-27T00:28:34.347Z",
        "System.CreatedBy": "Shodai Ikebe <shodaiikebe@microsoft.com>",
        "System.ChangedDate": "2024-02-27T00:28:34.347Z",
        "System.ChangedBy": "Shodai Ikebe <shodaiikebe@microsoft.com>",
        "System.Title": "Customer Service",
        "Microsoft.VSTS.Scheduling.Effort": 0.0,
        "System.Description": "Customer Service",
        "System.AssignedTo": null,
        "Microsoft.VSTS.Scheduling.RemainingWork": 0.0,
        "Microsoft.VSTS.Common.Priority": 2.0,
        "System.BoardLane": null,
        "System.Tags": null,
        "Microsoft.VSTS.TCM.Steps": null,
        "Microsoft.VSTS.TCM.Parameters": null,
        "Microsoft.VSTS.TCM.LocalDataSource": null,
        "Microsoft.VSTS.TCM.AutomationStatus": null,
        "System.History": null
      },
      "relations": [
        {
          "rel": "System.LinkTypes.Hierarchy-Forward",
          "url": "https://dev.azure.com/sikebe/_apis/wit/workItems/45",
          "attributes": {
            "isLocked": "false",
            "comment": "Making a new link for the dependency",
            "name": "Child"
          }
        },
        {
          "rel": "System.LinkTypes.Hierarchy-Forward",
          "url": "https://dev.azure.com/sikebe/_apis/wit/workItems/46",
          "attributes": {
            "isLocked": "false",
            "comment": "Making a new link for the dependency",
            "name": "Child"
          }
        }
      ],
      "url": "https://dev.azure.com/sikebe/_apis/wit/workItems/23"
    },
    {
      "id": 24,
      "rev": 1,
      "fields": {
        "System.AreaPath": "Tailspin",
        "System.TeamProject": "Tailspin",
        "System.IterationPath": "Tailspin",
        "System.WorkItemType": "Epic",
        "System.State": "New",
        "System.Reason": "New epic",
        "System.CreatedDate": "2024-02-27T00:28:34.707Z",
        "System.CreatedBy": "Shodai Ikebe <shodaiikebe@microsoft.com>",
        "System.ChangedDate": "2024-02-27T00:28:34.707Z",
        "System.ChangedBy": "Shodai Ikebe <shodaiikebe@microsoft.com>",
        "System.Title": "Product Catalog",
        "Microsoft.VSTS.Scheduling.Effort": 0.0,
        "System.Description": "Product Catalog",
        "System.AssignedTo": null,
        "Microsoft.VSTS.Scheduling.RemainingWork": 0.0,
        "Microsoft.VSTS.Common.Priority": 2.0,
        "System.BoardLane": null,
        "System.Tags": null,
        "Microsoft.VSTS.TCM.Steps": null,
        "Microsoft.VSTS.TCM.Parameters": null,
        "Microsoft.VSTS.TCM.LocalDataSource": null,
        "Microsoft.VSTS.TCM.AutomationStatus": null,
        "System.History": null
      },
      "relations": [
        {
          "rel": "System.LinkTypes.Hierarchy-Forward",
          "url": "https://dev.azure.com/sikebe/_apis/wit/workItems/48",
          "attributes": {
            "isLocked": "false",
            "comment": "Making a new link for the dependency",
            "name": "Child"
          }
        }
      ],
      "url": "https://dev.azure.com/sikebe/_apis/wit/workItems/24"
    },
    {
      "id": 25,
      "rev": 1,
      "fields": {
        "System.AreaPath": "Tailspin",
        "System.TeamProject": "Tailspin",
        "System.IterationPath": "Tailspin",
        "System.WorkItemType": "Epic",
        "System.State": "New",
        "System.Reason": "New epic",
        "System.CreatedDate": "2024-02-27T00:28:35.027Z",
        "System.CreatedBy": "Shodai Ikebe <shodaiikebe@microsoft.com>",
        "System.ChangedDate": "2024-02-27T00:28:35.027Z",
        "System.ChangedBy": "Shodai Ikebe <shodaiikebe@microsoft.com>",
        "System.Title": "Payment",
        "Microsoft.VSTS.Scheduling.Effort": 0.0,
        "System.Description": "Payment",
        "System.AssignedTo": null,
        "Microsoft.VSTS.Scheduling.RemainingWork": 0.0,
        "Microsoft.VSTS.Common.Priority": 2.0,
        "System.BoardLane": null,
        "System.Tags": null,
        "Microsoft.VSTS.TCM.Steps": null,
        "Microsoft.VSTS.TCM.Parameters": null,
        "Microsoft.VSTS.TCM.LocalDataSource": null,
        "Microsoft.VSTS.TCM.AutomationStatus": null,
        "System.History": null
      },
      "relations": [
        {
          "rel": "System.LinkTypes.Hierarchy-Forward",
          "url": "https://dev.azure.com/sikebe/_apis/wit/workItems/49",
          "attributes": {
            "isLocked": "false",
            "comment": "Making a new link for the dependency",
            "name": "Child"
          }
        }
      ],
      "url": "https://dev.azure.com/sikebe/_apis/wit/workItems/25"
    },
    {
      "id": 26,
      "rev": 1,
      "fields": {
        "System.AreaPath": "Tailspin",
        "System.TeamProject": "Tailspin",
        "System.IterationPath": "Tailspin",
        "System.WorkItemType": "Epic",
        "System.State": "Done",
        "System.Reason": "Work finished",
        "System.CreatedDate": "2024-02-27T00:28:35.3Z",
        "System.CreatedBy": "Shodai Ikebe <shodaiikebe@microsoft.com>",
        "System.ChangedDate": "2024-02-27T00:28:35.3Z",
        "System.ChangedBy": "Shodai Ikebe <shodaiikebe@microsoft.com>",
        "System.Title": "As ops guy, I'd like to make sure I am notified anytime public availability is impacted for key user scenarios",
        "Microsoft.VSTS.Scheduling.Effort": 0.0,
        "System.Description": "As ops guy, I'd like to make sure I am notified anytime public availability is impacted for key user scenarios",
        "System.AssignedTo": "Shodai Ikebe <shodaiikebe@microsoft.com>",
        "Microsoft.VSTS.Scheduling.RemainingWork": 0.0,
        "Microsoft.VSTS.Common.Priority": 2.0,
        "System.BoardLane": null,
        "System.Tags": null,
        "Microsoft.VSTS.TCM.Steps": null,
        "Microsoft.VSTS.TCM.Parameters": null,
        "Microsoft.VSTS.TCM.LocalDataSource": null,
        "Microsoft.VSTS.TCM.AutomationStatus": null,
        "System.History": null
      },
      "relations": null,
      "url": "https://dev.azure.com/sikebe/_apis/wit/workItems/26"
    },
    {
      "id": 27,
      "rev": 1,
      "fields": {
        "System.AreaPath": "Tailspin",
        "System.TeamProject": "Tailspin",
        "System.IterationPath": "Tailspin",
        "System.WorkItemType": "Epic",
        "System.State": "Done",
        "System.Reason": "Work finished",
        "System.CreatedDate": "2024-02-27T00:28:35.62Z",
        "System.CreatedBy": "Shodai Ikebe <shodaiikebe@microsoft.com>",
        "System.ChangedDate": "2024-02-27T00:28:35.62Z",
        "System.ChangedBy": "Shodai Ikebe <shodaiikebe@microsoft.com>",
        "System.Title": "As a user i want to be able to search the PartsUnlimited Website so that i can find the products i want to purchase",
        "Microsoft.VSTS.Scheduling.Effort": 0.0,
        "System.Description": "As a user i want to be able to search the PartsUnlimited Website so that i can find the products i want to purchase",
        "System.AssignedTo": "Shodai Ikebe <shodaiikebe@microsoft.com>",
        "Microsoft.VSTS.Scheduling.RemainingWork": 0.0,
        "Microsoft.VSTS.Common.Priority": 2.0,
        "System.BoardLane": null,
        "System.Tags": null,
        "Microsoft.VSTS.TCM.Steps": null,
        "Microsoft.VSTS.TCM.Parameters": null,
        "Microsoft.VSTS.TCM.LocalDataSource": null,
        "Microsoft.VSTS.TCM.AutomationStatus": null,
        "System.History": null
      },
      "relations": null,
      "url": "https://dev.azure.com/sikebe/_apis/wit/workItems/27"
    },
    {
      "id": 28,
      "rev": 1,
      "fields": {
        "System.AreaPath": "Tailspin",
        "System.TeamProject": "Tailspin",
        "System.IterationPath": "Tailspin",
        "System.WorkItemType": "Epic",
        "System.State": "Done",
        "System.Reason": "Work finished",
        "System.CreatedDate": "2024-02-27T00:28:35.987Z",
        "System.CreatedBy": "Shodai Ikebe <shodaiikebe@microsoft.com>",
        "System.ChangedDate": "2024-02-27T00:28:35.987Z",
        "System.ChangedBy": "Shodai Ikebe <shodaiikebe@microsoft.com>",
        "System.Title": "As a marketeer i want our website to be performant and available around the world",
        "Microsoft.VSTS.Scheduling.Effort": 0.0,
        "System.Description": "As a marketeer i want our website to be performant and available around the world",
        "System.AssignedTo": "Shodai Ikebe <shodaiikebe@microsoft.com>",
        "Microsoft.VSTS.Scheduling.RemainingWork": 0.0,
        "Microsoft.VSTS.Common.Priority": 2.0,
        "System.BoardLane": null,
        "System.Tags": null,
        "Microsoft.VSTS.TCM.Steps": null,
        "Microsoft.VSTS.TCM.Parameters": null,
        "Microsoft.VSTS.TCM.LocalDataSource": null,
        "Microsoft.VSTS.TCM.AutomationStatus": null,
        "System.History": null
      },
      "relations": null,
      "url": "https://dev.azure.com/sikebe/_apis/wit/workItems/28"
    },
    {
      "id": 29,
      "rev": 1,
      "fields": {
        "System.AreaPath": "Tailspin",
        "System.TeamProject": "Tailspin",
        "System.IterationPath": "Tailspin",
        "System.WorkItemType": "Epic",
        "System.State": "Done",
        "System.Reason": "Work finished",
        "System.CreatedDate": "2024-02-27T00:28:36.29Z",
        "System.CreatedBy": "Shodai Ikebe <shodaiikebe@microsoft.com>",
        "System.ChangedDate": "2024-02-27T00:28:36.29Z",
        "System.ChangedBy": "Shodai Ikebe <shodaiikebe@microsoft.com>",
        "System.Title": "We want to make frequent enhancements to the MRP application and need to modernize the application from its current legacy state.",
        "Microsoft.VSTS.Scheduling.Effort": 0.0,
        "System.Description": "We want to make frequent enhancements to the MRP application and need to modernize the application from its current legacy state.",
        "System.AssignedTo": "Shodai Ikebe <shodaiikebe@microsoft.com>",
        "Microsoft.VSTS.Scheduling.RemainingWork": 0.0,
        "Microsoft.VSTS.Common.Priority": 2.0,
        "System.BoardLane": null,
        "System.Tags": null,
        "Microsoft.VSTS.TCM.Steps": null,
        "Microsoft.VSTS.TCM.Parameters": null,
        "Microsoft.VSTS.TCM.LocalDataSource": null,
        "Microsoft.VSTS.TCM.AutomationStatus": null,
        "System.History": null
      },
      "relations": null,
      "url": "https://dev.azure.com/sikebe/_apis/wit/workItems/29"
    },
    {
      "id": 30,
      "rev": 1,
      "fields": {
        "System.AreaPath": "Tailspin",
        "System.TeamProject": "Tailspin",
        "System.IterationPath": "Tailspin",
        "System.WorkItemType": "Epic",
        "System.State": "Done",
        "System.Reason": "Work finished",
        "System.CreatedDate": "2024-02-27T00:28:36.59Z",
        "System.CreatedBy": "Shodai Ikebe <shodaiikebe@microsoft.com>",
        "System.ChangedDate": "2024-02-27T00:28:36.59Z",
        "System.ChangedBy": "Shodai Ikebe <shodaiikebe@microsoft.com>",
        "System.Title": "As ops guy, I'd like to keep the business owners happy ensuring there is no wasted spend in cloud resources.",
        "Microsoft.VSTS.Scheduling.Effort": 0.0,
        "System.Description": "As ops guy, I'd like to keep the business owners happy ensuring there is no wasted spend in cloud resources.",
        "System.AssignedTo": "Shodai Ikebe <shodaiikebe@microsoft.com>",
        "Microsoft.VSTS.Scheduling.RemainingWork": 0.0,
        "Microsoft.VSTS.Common.Priority": 2.0,
        "System.BoardLane": null,
        "System.Tags": null,
        "Microsoft.VSTS.TCM.Steps": null,
        "Microsoft.VSTS.TCM.Parameters": null,
        "Microsoft.VSTS.TCM.LocalDataSource": null,
        "Microsoft.VSTS.TCM.AutomationStatus": null,
        "System.History": null
      },
      "relations": null,
      "url": "https://dev.azure.com/sikebe/_apis/wit/workItems/30"
    },
    {
      "id": 31,
      "rev": 1,
      "fields": {
        "System.AreaPath": "Tailspin",
        "System.TeamProject": "Tailspin",
        "System.IterationPath": "Tailspin",
        "System.WorkItemType": "Epic",
        "System.State": "Done",
        "System.Reason": "Work finished",
        "System.CreatedDate": "2024-02-27T00:28:36.883Z",
        "System.CreatedBy": "Shodai Ikebe <shodaiikebe@microsoft.com>",
        "System.ChangedDate": "2024-02-27T00:28:36.883Z",
        "System.ChangedBy": "Shodai Ikebe <shodaiikebe@microsoft.com>",
        "System.Title": "As developer, I want to use Azure Machine Learning to provide a recommendations engine behind the website.",
        "Microsoft.VSTS.Scheduling.Effort": 0.0,
        "System.Description": "As developer, I want to use Azure Machine Learning to provide a recommendations engine behind the website.",
        "System.AssignedTo": "Shodai Ikebe <shodaiikebe@microsoft.com>",
        "Microsoft.VSTS.Scheduling.RemainingWork": 0.0,
        "Microsoft.VSTS.Common.Priority": 2.0,
        "System.BoardLane": null,
        "System.Tags": null,
        "Microsoft.VSTS.TCM.Steps": null,
        "Microsoft.VSTS.TCM.Parameters": null,
        "Microsoft.VSTS.TCM.LocalDataSource": null,
        "Microsoft.VSTS.TCM.AutomationStatus": null,
        "System.History": null
      },
      "relations": null,
      "url": "https://dev.azure.com/sikebe/_apis/wit/workItems/31"
    }
  ],
  "HttpStatusCode": 0,
  "Message": null
}