{
  "count": 22,
  "value": [
    {
      "id": 374,
      "rev": 1,
      "fields": {
        "System.AreaPath": "Tailspin",
        "System.TeamProject": "Tailspin",
        "System.IterationPath": "Tailspin",
        "System.WorkItemType": "Feature",
        "System.State": "New",
        "System.Reason": "New feature",
        "System.CreatedDate": "2024-02-27T01:16:31.387Z",
        "System.CreatedBy": "Shodai Ikebe <shodaiikebe@microsoft.com>",
        "System.ChangedDate": "2024-02-27T01:16:31.387Z",
        "System.ChangedBy": "Shodai Ikebe <shodaiikebe@microsoft.com>",
        "System.Title": "Points Accural on Purchases",
        "Microsoft.VSTS.Scheduling.Effort": 0.0,
        "System.Description": "Points Accural on Purchases",
        "System.AssignedTo": null,
        "Microsoft.VSTS.Scheduling.RemainingWork": 0.0,
        "Microsoft.VSTS.Common.Priority": 2.0,
        "System.BoardLane": null,
        "System.Tags": null,
        "Microsoft.VSTS.TCM.Steps": null,
        "Microsoft.VSTS.TCM.Parameters": null,
        "Microsoft.VSTS.TCM.LocalDataSource": null,
        "Microsoft.VSTS.TCM.AutomationStatus": null,
        "System.History": null
      },
      "relations": [
        {
          "rel": "System.LinkTypes.Hierarchy-Reverse",
          "url": "https://dev.azure.com/sikebe/_apis/wit/workItems/364",
          "attributes": {
            "isLocked": "false",
            "comment": "Making a new link for the dependency",
            "name": "Parent"
          }
        }
      ],
      "url": "https://dev.azure.com/sikebe/_apis/wit/workItems/374"
    },
    {
      "id": 375,
      "rev": 1,
      "fields": {
        "System.AreaPath": "Tailspin",
        "System.TeamProject": "Tailspin",
        "System.IterationPath": "Tailspin",
        "System.WorkItemType": "Feature",
        "System.State": "New",
        "System.Reason": "New feature",
        "System.CreatedDate": "2024-02-27T01:16:31.67Z",
        "System.CreatedBy": "Shodai Ikebe <shodaiikebe@microsoft.com>",
        "System.ChangedDate": "2024-02-27T01:16:31.67Z",
        "System.ChangedBy": "Shodai Ikebe <shodaiikebe@microsoft.com>",
        "System.Title": "Rewards Redemption",
        "Microsoft.VSTS.Scheduling.Effort": 0.0,
        "System.Description": "Rewards Redemption",
        "System.AssignedTo": null,
        "Microsoft.VSTS.Scheduling.RemainingWork": 0.0,
        "Microsoft.VSTS.Common.Priority": 2.0,
        "System.BoardLane": null,
        "System.Tags": null,
        "Microsoft.VSTS.TCM.Steps": null,
        "Microsoft.VSTS.TCM.Parameters": null,
        "Microsoft.VSTS.TCM.LocalDataSource": null,
        "Microsoft.VSTS.TCM.AutomationStatus": null,
        "System.History": null
      },
      "relations": [
        {
          "rel": "System.LinkTypes.Hierarchy-Reverse",
          "url": "https://dev.azure.com/sikebe/_apis/wit/workItems/364",
          "attributes": {
            "isLocked": "false",
            "comment": "Making a new link for the dependency",
            "name": "Parent"
          }
        }
      ],
      "url": "https://dev.azure.com/sikebe/_apis/wit/workItems/375"
    },
    {
      "id": 376,
      "rev": 1,
      "fields": {
        "System.AreaPath": "Tailspin",
        "System.TeamProject": "Tailspin",
        "System.IterationPath": "Tailspin",
        "System.WorkItemType": "Feature",
        "System.State": "New",
        "System.Reason": "New feature",
        "System.CreatedDate": "2024-02-27T01:16:31.967Z",
        "System.CreatedBy": "Shodai Ikebe <shodaiikebe@microsoft.com>",
        "System.ChangedDate": "2024-02-27T01:16:31.967Z",
        "System.ChangedBy": "Shodai Ikebe <shodaiikebe@microsoft.com>",
        "System.Title": "Ratings for purchased items",
        "Microsoft.VSTS.Scheduling.Effort": 0.0,
        "System.Description": "Ratings for purchased items",
        "System.AssignedTo": null,
        "Microsoft.VSTS.Scheduling.RemainingWork": 0.0,
        "Microsoft.VSTS.Common.Priority": 2.0,
        "System.BoardLane": null,
        "System.Tags": null,
        "Microsoft.VSTS.TCM.Steps": null,
        "Microsoft.VSTS.TCM.Parameters": null,
        "Microsoft.VSTS.TCM.LocalDataSource": null,
        "Microsoft.VSTS.TCM.AutomationStatus": null,
        "System.History": null
      },
      "relations": [
        {
          "rel": "System.LinkTypes.Hierarchy-Forward",
          "url": "https://dev.azure.com/sikebe/_apis/wit/workItems/356",
          "attributes": {
            "isLocked": "false",
            "comment": "Making a new link for the dependency",
            "name": "Child"
          }
        },
        {
          "rel": "System.LinkTypes.Hierarchy-Reverse",
          "url": "https://dev.azure.com/sikebe/_apis/wit/workItems/361",
          "attributes": {
            "isLocked": "false",
            "comment": "Making a new link for the dependency",
            "name": "Parent"
          }
        }
      ],
      "url": "https://dev.azure.com/sikebe/_apis/wit/workItems/376"
    },
    {
      "id": 377,
      "rev": 1,
      "fields": {
        "System.AreaPath": "Tailspin",
        "System.TeamProject": "Tailspin",
        "System.IterationPath": "Tailspin",
        "System.WorkItemType": "Feature",
        "System.State": "New",
        "System.Reason": "New feature",
        "System.CreatedDate": "2024-02-27T01:16:32.257Z",
        "System.CreatedBy": "Shodai Ikebe <shodaiikebe@microsoft.com>",
        "System.ChangedDate": "2024-02-27T01:16:32.257Z",
        "System.ChangedBy": "Shodai Ikebe <shodaiikebe@microsoft.com>",
        "System.Title": "Supplier Feedback",
        "Microsoft.VSTS.Scheduling.Effort": 0.0,
        "System.Description": "Supplier Feedback",
        "System.AssignedTo": null,
        "Microsoft.VSTS.Scheduling.RemainingWork": 0.0,
        "Microsoft.VSTS.Common.Priority": 2.0,
        "System.BoardLane": null,
        "System.Tags": null,
        "Microsoft.VSTS.TCM.Steps": null,
        "Microsoft.VSTS.TCM.Parameters": null,
        "Microsoft.VSTS.TCM.LocalDataSource": null,
        "Microsoft.VSTS.TCM.AutomationStatus": null,
        "System.History": null
      },
      "relations": [
        {
          "rel": "System.LinkTypes.Hierarchy-Reverse",
          "url": "https://dev.azure.com/sikebe/_apis/wit/workItems/361",
          "attributes": {
            "isLocked": "false",
            "comment": "Making a new link for the dependency",
            "name": "Parent"
          }
        }
      ],
      "url": "https://dev.azure.com/sikebe/_apis/wit/workItems/377"
    },
    {
      "id": 378,
      "rev": 1,
      "fields": {
        "System.AreaPath": "Tailspin",
        "System.TeamProject": "Tailspin",
        "System.IterationPath": "Tailspin",
        "System.WorkItemType": "Feature",
        "System.State": "New",
        "System.Reason": "New feature",
        "System.CreatedDate": "2024-02-27T01:16:32.533Z",
        "System.CreatedBy": "Shodai Ikebe <shodaiikebe@microsoft.com>",
        "System.ChangedDate": "2024-02-27T01:16:32.533Z",
        "System.ChangedBy": "Shodai Ikebe <shodaiikebe@microsoft.com>",
        "System.Title": "Shipping charges calculation",
        "Microsoft.VSTS.Scheduling.Effort": 0.0,
        "System.Description": "Shipping charges calculation",
        "System.AssignedTo": null,
        "Microsoft.VSTS.Scheduling.RemainingWork": 0.0,
        "Microsoft.VSTS.Common.Priority": 2.0,
        "System.BoardLane": null,
        "System.Tags": null,
        "Microsoft.VSTS.TCM.Steps": null,
        "Microsoft.VSTS.TCM.Parameters": null,
        "Microsoft.VSTS.TCM.LocalDataSource": null,
        "Microsoft.VSTS.TCM.AutomationStatus": null,
        "System.History": null
      },
      "relations": [
        {
          "rel": "System.LinkTypes.Hierarchy-Reverse",
          "url": "https://dev.azure.com/sikebe/_apis/wit/workItems/359",
          "attributes": {
            "isLocked": "false",
            "comment": "Making a new link for the dependency",
            "name": "Parent"
          }
        }
      ],
      "url": "https://dev.azure.com/sikebe/_apis/wit/workItems/378"
    },
    {
      "id": 379,
      "rev": 1,
      "fields": {
        "System.AreaPath": "Tailspin",
        "System.TeamProject": "Tailspin",
        "System.IterationPath": "Tailspin",
        "System.WorkItemType": "Feature",
        "System.State": "New",
        "System.Reason": "New feature",
        "System.CreatedDate": "2024-02-27T01:16:32.84Z",
        "System.CreatedBy": "Shodai Ikebe <shodaiikebe@microsoft.com>",
        "System.ChangedDate": "2024-02-27T01:16:32.84Z",
        "System.ChangedBy": "Shodai Ikebe <shodaiikebe@microsoft.com>",
        "System.Title": "Delivery Options",
        "Microsoft.VSTS.Scheduling.Effort": 0.0,
        "System.Description": "Delivery Options",
        "System.AssignedTo": null,
        "Microsoft.VSTS.Scheduling.RemainingWork": 0.0,
        "Microsoft.VSTS.Common.Priority": 2.0,
        "System.BoardLane": null,
        "System.Tags": null,
        "Microsoft.VSTS.TCM.Steps": null,
        "Microsoft.VSTS.TCM.Parameters": null,
        "Microsoft.VSTS.TCM.LocalDataSource": null,
        "Microsoft.VSTS.TCM.AutomationStatus": null,
        "System.History": null
      },
      "relations": [
        {
          "rel": "System.LinkTypes.Hierarchy-Reverse",
          "url": "https://dev.azure.com/sikebe/_apis/wit/workItems/360",
          "attributes": {
            "isLocked": "false",
            "comment": "Making a new link for the dependency",
            "name": "Parent"
          }
        }
      ],
      "url": "https://dev.azure.com/sikebe/_apis/wit/workItems/379"
    },
    {
      "id": 380,
      "rev": 1,
      "fields": {
        "System.AreaPath": "Tailspin",
        "System.TeamProject": "Tailspin",
        "System.IterationPath": "Tailspin",
        "System.WorkItemType": "Feature",
        "System.State": "New",
        "System.Reason": "New feature",
        "System.CreatedDate": "2024-02-27T01:16:33.123Z",
        "System.CreatedBy": "Shodai Ikebe <shodaiikebe@microsoft.com>",
        "System.ChangedDate": "2024-02-27T01:16:33.123Z",
        "System.ChangedBy": "Shodai Ikebe <shodaiikebe@microsoft.com>",
        "System.Title": "Order cancellation",
        "Microsoft.VSTS.Scheduling.Effort": 0.0,
        "System.Description": "Order cancellation",
        "System.AssignedTo": null,
        "Microsoft.VSTS.Scheduling.RemainingWork": 0.0,
        "Microsoft.VSTS.Common.Priority": 2.0,
        "System.BoardLane": null,
        "System.Tags": null,
        "Microsoft.VSTS.TCM.Steps": null,
        "Microsoft.VSTS.TCM.Parameters": null,
        "Microsoft.VSTS.TCM.LocalDataSource": null,
        "Microsoft.VSTS.TCM.AutomationStatus": null,
        "System.History": null
      },
      "relations": [
        {
          "rel": "System.LinkTypes.Hierarchy-Reverse",
          "url": "https://dev.azure.com/sikebe/_apis/wit/workItems/359",
          "attributes": {
            "isLocked": "false",
            "comment": "Making a new link for the dependency",
            "name": "Parent"
          }
        }
      ],
      "url": "https://dev.azure.com/sikebe/_apis/wit/workItems/380"
    },
    {
      "id": 381,
      "rev": 1,
      "fields": {
        "System.AreaPath": "Tailspin",
        "System.TeamProject": "Tailspin",
        "System.IterationPath": "Tailspin",
        "System.WorkItemType": "Feature",
        "System.State": "New",
        "System.Reason": "New feature",
        "System.CreatedDate": "2024-02-27T01:16:33.407Z",
        "System.CreatedBy": "Shodai Ikebe <shodaiikebe@microsoft.com>",
        "System.ChangedDate": "2024-02-27T01:16:33.407Z",
        "System.ChangedBy": "Shodai Ikebe <shodaiikebe@microsoft.com>",
        "System.Title": "Order confirmation",
        "Microsoft.VSTS.Scheduling.Effort": 0.0,
        "System.Description": "Order confirmation",
        "System.AssignedTo": null,
        "Microsoft.VSTS.Scheduling.RemainingWork": 0.0,
        "Microsoft.VSTS.Common.Priority": 2.0,
        "System.BoardLane": null,
        "System.Tags": null,
        "Microsoft.VSTS.TCM.Steps": null,
        "Microsoft.VSTS.TCM.Parameters": null,
        "Microsoft.VSTS.TCM.LocalDataSource": null,
        "Microsoft.VSTS.TCM.AutomationStatus": null,
        "System.History": null
      },
      "relations": [
        {
          "rel": "System.LinkTypes.Hierarchy-Reverse",
          "url": "https://dev.azure.com/sikebe/_apis/wit/workItems/359",
          "attributes": {
            "isLocked": "false",
            "comment": "Making a new link for the dependency",
            "name": "Parent"
          }
        }
      ],
      "url": "https://dev.azure.com/sikebe/_apis/wit/workItems/381"
    },
    {
      "id": 382,
      "rev": 1,
      "fields": {
        "System.AreaPath": "Tailspin",
        "System.TeamProject": "Tailspin",
        "System.IterationPath": "Tailspin",
        "System.WorkItemType": "Feature",
        "System.State": "New",
        "System.Reason": "New feature",
        "System.CreatedDate": "2024-02-27T01:16:33.76Z",
        "System.CreatedBy": "Shodai Ikebe <shodaiikebe@microsoft.com>",
        "System.ChangedDate": "2024-02-27T01:16:33.76Z",
        "System.ChangedBy": "Shodai Ikebe <shodaiikebe@microsoft.com>",
        "System.Title": "Delivery confirmation",
        "Microsoft.VSTS.Scheduling.Effort": 0.0,
        "System.Description": "Delivery confirmation",
        "System.AssignedTo": null,
        "Microsoft.VSTS.Scheduling.RemainingWork": 0.0,
        "Microsoft.VSTS.Common.Priority": 2.0,
        "System.BoardLane": null,
        "System.Tags": null,
        "Microsoft.VSTS.TCM.Steps": null,
        "Microsoft.VSTS.TCM.Parameters": null,
        "Microsoft.VSTS.TCM.LocalDataSource": null,
        "Microsoft.VSTS.TCM.AutomationStatus": null,
        "System.History": null
      },
      "relations": [
        {
          "rel": "System.LinkTypes.Hierarchy-Reverse",
          "url": "https://dev.azure.com/sikebe/_apis/wit/workItems/360",
          "attributes": {
            "isLocked": "false",
            "comment": "Making a new link for the dependency",
            "name": "Parent"
          }
        }
      ],
      "url": "https://dev.azure.com/sikebe/_apis/wit/workItems/382"
    },
    {
      "id": 383,
      "rev": 1,
      "fields": {
        "System.AreaPath": "Tailspin",
        "System.TeamProject": "Tailspin",
        "System.IterationPath": "Tailspin",
        "System.WorkItemType": "Feature",
        "System.State": "New",
        "System.Reason": "New feature",
        "System.CreatedDate": "2024-02-27T01:16:34.027Z",
        "System.CreatedBy": "Shodai Ikebe <shodaiikebe@microsoft.com>",
        "System.ChangedDate": "2024-02-27T01:16:34.027Z",
        "System.ChangedBy": "Shodai Ikebe <shodaiikebe@microsoft.com>",
        "System.Title": "Customer notification",
        "Microsoft.VSTS.Scheduling.Effort": 0.0,
        "System.Description": "Customer notification",
        "System.AssignedTo": null,
        "Microsoft.VSTS.Scheduling.RemainingWork": 0.0,
        "Microsoft.VSTS.Common.Priority": 2.0,
        "System.BoardLane": null,
        "System.Tags": null,
        "Microsoft.VSTS.TCM.Steps": null,
        "Microsoft.VSTS.TCM.Parameters": null,
        "Microsoft.VSTS.TCM.LocalDataSource": null,
        "Microsoft.VSTS.TCM.AutomationStatus": null,
        "System.History": null
      },
      "relations": [
        {
          "rel": "System.LinkTypes.Hierarchy-Reverse",
          "url": "https://dev.azure.com/sikebe/_apis/wit/workItems/363",
          "attributes": {
            "isLocked": "false",
            "comment": "Making a new link for the dependency",
            "name": "Parent"
          }
        }
      ],
      "url": "https://dev.azure.com/sikebe/_apis/wit/workItems/383"
    },
    {
      "id": 384,
      "rev": 1,
      "fields": {
        "System.AreaPath": "Tailspin",
        "System.TeamProject": "Tailspin",
        "System.IterationPath": "$ProjectName$\\Sprint 1",
        "System.WorkItemType": "Feature",
        "System.State": "New",
        "System.Reason": "New feature",
        "System.CreatedDate": "2024-02-27T01:16:34.357Z",
        "System.CreatedBy": "Shodai Ikebe <shodaiikebe@microsoft.com>",
        "System.ChangedDate": "2024-02-27T01:16:34.357Z",
        "System.ChangedBy": "Shodai Ikebe <shodaiikebe@microsoft.com>",
        "System.Title": "As marketeer, I want us to reuse the web assets for apps on Android and iOS with corporate branding, and I will want to be able to update the device apps with every marketing promotion. That will mean using Cordova.",
        "Microsoft.VSTS.Scheduling.Effort": 0.0,
        "System.Description": "As marketeer, I want us to reuse the web assets for apps on Android and iOS with corporate branding, and I will want to be able to update the device apps with every marketing promotion. That will mean using Cordova.",
        "System.AssignedTo": null,
        "Microsoft.VSTS.Scheduling.RemainingWork": 0.0,
        "Microsoft.VSTS.Common.Priority": 2.0,
        "System.BoardLane": null,
        "System.Tags": null,
        "Microsoft.VSTS.TCM.Steps": null,
        "Microsoft.VSTS.TCM.Parameters": null,
        "Microsoft.VSTS.TCM.LocalDataSource": null,
        "Microsoft.VSTS.TCM.AutomationStatus": null,
        "System.History": null
      },
      "relations": [
        {
          "rel": "System.LinkTypes.Hierarchy-Reverse",
          "url": "https://dev.azure.com/sikebe/_apis/wit/workItems/358",
          "attributes": {
            "isLocked": "false",
            "comment": "Making a new link for the dependency",
            "name": "Parent"
          }
        }
      ],
      "url": "https://dev.azure.com/sikebe/_apis/wit/workItems/384"
    },
    {
      "id": 385,
      "rev": 1,
      "fields": {
        "System.AreaPath": "Tailspin",
        "System.TeamProject": "Tailspin",
        "System.IterationPath": "Tailspin",
        "System.WorkItemType": "Feature",
        "System.State": "New",
        "System.Reason": "New feature",
        "System.CreatedDate": "2024-02-27T01:16:34.637Z",
        "System.CreatedBy": "Shodai Ikebe <shodaiikebe@microsoft.com>",
        "System.ChangedDate": "2024-02-27T01:16:34.637Z",
        "System.ChangedBy": "Shodai Ikebe <shodaiikebe@microsoft.com>",
        "System.Title": "Gift Options",
        "Microsoft.VSTS.Scheduling.Effort": 0.0,
        "System.Description": "Gift Options",
        "System.AssignedTo": null,
        "Microsoft.VSTS.Scheduling.RemainingWork": 0.0,
        "Microsoft.VSTS.Common.Priority": 2.0,
        "System.BoardLane": null,
        "System.Tags": null,
        "Microsoft.VSTS.TCM.Steps": null,
        "Microsoft.VSTS.TCM.Parameters": null,
        "Microsoft.VSTS.TCM.LocalDataSource": null,
        "Microsoft.VSTS.TCM.AutomationStatus": null,
        "System.History": null
      },
      "relations": [
        {
          "rel": "System.LinkTypes.Hierarchy-Reverse",
          "url": "https://dev.azure.com/sikebe/_apis/wit/workItems/359",
          "attributes": {
            "isLocked": "false",
            "comment": "Making a new link for the dependency",
            "name": "Parent"
          }
        }
      ],
      "url": "https://dev.azure.com/sikebe/_apis/wit/workItems/385"
    },
    {
      "id": 386,
      "rev": 1,
      "fields": {
        "System.AreaPath": "Tailspin",
        "System.TeamProject": "Tailspin",
        "System.IterationPath": "Tailspin",
        "System.WorkItemType": "Feature",
        "System.State": "New",
        "System.Reason": "New feature",
        "System.CreatedDate": "2024-02-27T01:16:34.963Z",
        "System.CreatedBy": "Shodai Ikebe <shodaiikebe@microsoft.com>",
        "System.ChangedDate": "2024-02-27T01:16:34.963Z",
        "System.ChangedBy": "Shodai Ikebe <shodaiikebe@microsoft.com>",
        "System.Title": "Ad-hoc promotions",
        "Microsoft.VSTS.Scheduling.Effort": 0.0,
        "System.Description": "Ad-hoc promotions",
        "System.AssignedTo": null,
        "Microsoft.VSTS.Scheduling.RemainingWork": 0.0,
        "Microsoft.VSTS.Common.Priority": 2.0,
        "System.BoardLane": null,
        "System.Tags": null,
        "Microsoft.VSTS.TCM.Steps": null,
        "Microsoft.VSTS.TCM.Parameters": null,
        "Microsoft.VSTS.TCM.LocalDataSource": null,
        "Microsoft.VSTS.TCM.AutomationStatus": null,
        "System.History": null
      },
      "relations": [
        {
          "rel": "System.LinkTypes.Hierarchy-Reverse",
          "url": "https://dev.azure.com/sikebe/_apis/wit/workItems/362",
          "attributes": {
            "isLocked": "false",
            "comment": "Making a new link for the dependency",
            "name": "Parent"
          }
        }
      ],
      "url": "https://dev.azure.com/sikebe/_apis/wit/workItems/386"
    },
    {
      "id": 387,
      "rev": 1,
      "fields": {
        "System.AreaPath": "Tailspin",
        "System.TeamProject": "Tailspin",
        "System.IterationPath": "Tailspin",
        "System.WorkItemType": "Feature",
        "System.State": "New",
        "System.Reason": "New feature",
        "System.CreatedDate": "2024-02-27T01:16:35.617Z",
        "System.CreatedBy": "Shodai Ikebe <shodaiikebe@microsoft.com>",
        "System.ChangedDate": "2024-02-27T01:16:35.617Z",
        "System.ChangedBy": "Shodai Ikebe <shodaiikebe@microsoft.com>",
        "System.Title": "Customer issues",
        "Microsoft.VSTS.Scheduling.Effort": 0.0,
        "System.Description": "Customer issues",
        "System.AssignedTo": null,
        "Microsoft.VSTS.Scheduling.RemainingWork": 0.0,
        "Microsoft.VSTS.Common.Priority": 2.0,
        "System.BoardLane": null,
        "System.Tags": null,
        "Microsoft.VSTS.TCM.Steps": null,
        "Microsoft.VSTS.TCM.Parameters": null,
        "Microsoft.VSTS.TCM.LocalDataSource": null,
        "Microsoft.VSTS.TCM.AutomationStatus": null,
        "System.History": null
      },
      "relations": [
        {
          "rel": "System.LinkTypes.Hierarchy-Reverse",
          "url": "https://dev.azure.com/sikebe/_apis/wit/workItems/365",
          "attributes": {
            "isLocked": "false",
            "comment": "Making a new link for the dependency",
            "name": "Parent"
          }
        }
      ],
      "url": "https://dev.azure.com/sikebe/_apis/wit/workItems/387"
    },
    {
      "id": 388,
      "rev": 1,
      "fields": {
        "System.AreaPath": "Tailspin",
        "System.TeamProject": "Tailspin",
        "System.IterationPath": "Tailspin",
        "System.WorkItemType": "Feature",
        "System.State": "New",
        "System.Reason": "New feature",
        "System.CreatedDate": "2024-02-27T01:16:36.247Z",
        "System.CreatedBy": "Shodai Ikebe <shodaiikebe@microsoft.com>",
        "System.ChangedDate": "2024-02-27T01:16:36.247Z",
        "System.ChangedBy": "Shodai Ikebe <shodaiikebe@microsoft.com>",
        "System.Title": "Ask for customer feedback",
        "Microsoft.VSTS.Scheduling.Effort": 0.0,
        "System.Description": "Ask for customer feedback",
        "System.AssignedTo": null,
        "Microsoft.VSTS.Scheduling.RemainingWork": 0.0,
        "Microsoft.VSTS.Common.Priority": 2.0,
        "System.BoardLane": null,
        "System.Tags": null,
        "Microsoft.VSTS.TCM.Steps": null,
        "Microsoft.VSTS.TCM.Parameters": null,
        "Microsoft.VSTS.TCM.LocalDataSource": null,
        "Microsoft.VSTS.TCM.AutomationStatus": null,
        "System.History": null
      },
      "relations": [
        {
          "rel": "System.LinkTypes.Hierarchy-Reverse",
          "url": "https://dev.azure.com/sikebe/_apis/wit/workItems/365",
          "attributes": {
            "isLocked": "false",
            "comment": "Making a new link for the dependency",
            "name": "Parent"
          }
        }
      ],
      "url": "https://dev.azure.com/sikebe/_apis/wit/workItems/388"
    },
    {
      "id": 389,
      "rev": 1,
      "fields": {
        "System.AreaPath": "Tailspin",
        "System.TeamProject": "Tailspin",
        "System.IterationPath": "Tailspin",
        "System.WorkItemType": "Feature",
        "System.State": "New",
        "System.Reason": "New feature",
        "System.CreatedDate": "2024-02-27T01:16:36.6Z",
        "System.CreatedBy": "Shodai Ikebe <shodaiikebe@microsoft.com>",
        "System.ChangedDate": "2024-02-27T01:16:36.6Z",
        "System.ChangedBy": "Shodai Ikebe <shodaiikebe@microsoft.com>",
        "System.Title": "Product Recommendations",
        "Microsoft.VSTS.Scheduling.Effort": 0.0,
        "System.Description": "Product Recommendations",
        "System.AssignedTo": null,
        "Microsoft.VSTS.Scheduling.RemainingWork": 0.0,
        "Microsoft.VSTS.Common.Priority": 2.0,
        "System.BoardLane": null,
        "System.Tags": null,
        "Microsoft.VSTS.TCM.Steps": null,
        "Microsoft.VSTS.TCM.Parameters": null,
        "Microsoft.VSTS.TCM.LocalDataSource": null,
        "Microsoft.VSTS.TCM.AutomationStatus": null,
        "System.History": null
      },
      "relations": [
        {
          "rel": "System.LinkTypes.Hierarchy-Reverse",
          "url": "https://dev.azure.com/sikebe/_apis/wit/workItems/362",
          "attributes": {
            "isLocked": "false",
            "comment": "Making a new link for the dependency",
            "name": "Parent"
          }
        }
      ],
      "url": "https://dev.azure.com/sikebe/_apis/wit/workItems/389"
    },
    {
      "id": 390,
      "rev": 1,
      "fields": {
        "System.AreaPath": "Tailspin",
        "System.TeamProject": "Tailspin",
        "System.IterationPath": "Tailspin",
        "System.WorkItemType": "Feature",
        "System.State": "New",
        "System.Reason": "New feature",
        "System.CreatedDate": "2024-02-27T01:16:36.883Z",
        "System.CreatedBy": "Shodai Ikebe <shodaiikebe@microsoft.com>",
        "System.ChangedDate": "2024-02-27T01:16:36.883Z",
        "System.ChangedBy": "Shodai Ikebe <shodaiikebe@microsoft.com>",
        "System.Title": "Product catalog changes",
        "Microsoft.VSTS.Scheduling.Effort": 0.0,
        "System.Description": "Product catalog changes",
        "System.AssignedTo": null,
        "Microsoft.VSTS.Scheduling.RemainingWork": 0.0,
        "Microsoft.VSTS.Common.Priority": 2.0,
        "System.BoardLane": null,
        "System.Tags": null,
        "Microsoft.VSTS.TCM.Steps": null,
        "Microsoft.VSTS.TCM.Parameters": null,
        "Microsoft.VSTS.TCM.LocalDataSource": null,
        "Microsoft.VSTS.TCM.AutomationStatus": null,
        "System.History": null
      },
      "relations": [
        {
          "rel": "System.LinkTypes.Hierarchy-Reverse",
          "url": "https://dev.azure.com/sikebe/_apis/wit/workItems/366",
          "attributes": {
            "isLocked": "false",
            "comment": "Making a new link for the dependency",
            "name": "Parent"
          }
        }
      ],
      "url": "https://dev.azure.com/sikebe/_apis/wit/workItems/390"
    },
    {
      "id": 391,
      "rev": 1,
      "fields": {
        "System.AreaPath": "Tailspin",
        "System.TeamProject": "Tailspin",
        "System.IterationPath": "Tailspin",
        "System.WorkItemType": "Feature",
        "System.State": "New",
        "System.Reason": "New feature",
        "System.CreatedDate": "2024-02-27T01:16:37.177Z",
        "System.CreatedBy": "Shodai Ikebe <shodaiikebe@microsoft.com>",
        "System.ChangedDate": "2024-02-27T01:16:37.177Z",
        "System.ChangedBy": "Shodai Ikebe <shodaiikebe@microsoft.com>",
        "System.Title": "Credit Card Purchase",
        "Microsoft.VSTS.Scheduling.Effort": 0.0,
        "System.Description": "Credit Card Purchase",
        "System.AssignedTo": null,
        "Microsoft.VSTS.Scheduling.RemainingWork": 0.0,
        "Microsoft.VSTS.Common.Priority": 2.0,
        "System.BoardLane": null,
        "System.Tags": null,
        "Microsoft.VSTS.TCM.Steps": null,
        "Microsoft.VSTS.TCM.Parameters": null,
        "Microsoft.VSTS.TCM.LocalDataSource": null,
        "Microsoft.VSTS.TCM.AutomationStatus": null,
        "System.History": null
      },
      "relations": [
        {
          "rel": "System.LinkTypes.Hierarchy-Reverse",
          "url": "https://dev.azure.com/sikebe/_apis/wit/workItems/367",
          "attributes": {
            "isLocked": "false",
            "comment": "Making a new link for the dependency",
            "name": "Parent"
          }
        }
      ],
      "url": "https://dev.azure.com/sikebe/_apis/wit/workItems/391"
    },
    {
      "id": 392,
      "rev": 1,
      "fields": {
        "System.AreaPath": "Tailspin",
        "System.TeamProject": "Tailspin",
        "System.IterationPath": "$ProjectName$\\Sprint 1",
        "System.WorkItemType": "Feature",
        "System.State": "Done",
        "System.Reason": "Work finished",
        "System.CreatedDate": "2024-02-27T01:16:37.62Z",
        "System.CreatedBy": "Shodai Ikebe <shodaiikebe@microsoft.com>",
        "System.ChangedDate": "2024-02-27T01:16:37.62Z",
        "System.ChangedBy": "Shodai Ikebe <shodaiikebe@microsoft.com>",
        "System.Title": "Ops needs the ability to quickly roll back to a known good state in the event of a critical problem in production.",
        "Microsoft.VSTS.Scheduling.Effort": 0.0,
        "System.Description": "Ops needs the ability to quickly roll back to a known good state in the event of a critical problem in production.",
        "System.AssignedTo": "Shodai Ikebe <shodaiikebe@microsoft.com>",
        "Microsoft.VSTS.Scheduling.RemainingWork": 0.0,
        "Microsoft.VSTS.Common.Priority": 2.0,
        "System.BoardLane": null,
        "System.Tags": null,
        "Microsoft.VSTS.TCM.Steps": null,
        "Microsoft.VSTS.TCM.Parameters": null,
        "Microsoft.VSTS.TCM.LocalDataSource": null,
        "Microsoft.VSTS.TCM.AutomationStatus": null,
        "System.History": null
      },
      "relations": null,
      "url": "https://dev.azure.com/sikebe/_apis/wit/workItems/392"
    },
    {
      "id": 393,
      "rev": 1,
      "fields": {
        "System.AreaPath": "Tailspin",
        "System.TeamProject": "Tailspin",
        "System.IterationPath": "$ProjectName$\\Sprint 1",
        "System.WorkItemType": "Feature",
        "System.State": "Done",
        "System.Reason": "Work finished",
        "System.CreatedDate": "2024-02-27T01:16:38Z",
        "System.CreatedBy": "Shodai Ikebe <shodaiikebe@microsoft.com>",
        "System.ChangedDate": "2024-02-27T01:16:38Z",
        "System.ChangedBy": "Shodai Ikebe <shodaiikebe@microsoft.com>",
        "System.Title": "As an Ops guy, I want to ensure that the legacy MRP system configuration is consistent.",
        "Microsoft.VSTS.Scheduling.Effort": 0.0,
        "System.Description": "As an Ops guy, I want to ensure that the legacy MRP system configuration is consistent.",
        "System.AssignedTo": "Shodai Ikebe <shodaiikebe@microsoft.com>",
        "Microsoft.VSTS.Scheduling.RemainingWork": 0.0,
        "Microsoft.VSTS.Common.Priority": 2.0,
        "System.BoardLane": null,
        "System.Tags": null,
        "Microsoft.VSTS.TCM.Steps": null,
        "Microsoft.VSTS.TCM.Parameters": null,
        "Microsoft.VSTS.TCM.LocalDataSource": null,
        "Microsoft.VSTS.TCM.AutomationStatus": null,
        "System.History": null
      },
      "relations": null,
      "url": "https://dev.azure.com/sikebe/_apis/wit/workItems/393"
    },
    {
      "id": 394,
      "rev": 1,
      "fields": {
        "System.AreaPath": "Tailspin",
        "System.TeamProject": "Tailspin",
        "System.IterationPath": "$ProjectName$\\Sprint 1",
        "System.WorkItemType": "Feature",
        "System.State": "Done",
        "System.Reason": "Work finished",
        "System.CreatedDate": "2024-02-27T01:16:38.317Z",
        "System.CreatedBy": "Shodai Ikebe <shodaiikebe@microsoft.com>",
        "System.ChangedDate": "2024-02-27T01:16:38.317Z",
        "System.ChangedBy": "Shodai Ikebe <shodaiikebe@microsoft.com>",
        "System.Title": "As a business owner, I would like to know how much our historical spend is to help project future spend for budgeting + financials.",
        "Microsoft.VSTS.Scheduling.Effort": 0.0,
        "System.Description": "As a business owner, I would like to know how much our historical spend is to help project future spend for budgeting + financials.",
        "System.AssignedTo": "Shodai Ikebe <shodaiikebe@microsoft.com>",
        "Microsoft.VSTS.Scheduling.RemainingWork": 0.0,
        "Microsoft.VSTS.Common.Priority": 2.0,
        "System.BoardLane": null,
        "System.Tags": null,
        "Microsoft.VSTS.TCM.Steps": null,
        "Microsoft.VSTS.TCM.Parameters": null,
        "Microsoft.VSTS.TCM.LocalDataSource": null,
        "Microsoft.VSTS.TCM.AutomationStatus": null,
        "System.History": null
      },
      "relations": null,
      "url": "https://dev.azure.com/sikebe/_apis/wit/workItems/394"
    },
    {
      "id": 395,
      "rev": 1,
      "fields": {
        "System.AreaPath": "Tailspin",
        "System.TeamProject": "Tailspin",
        "System.IterationPath": "$ProjectName$\\Sprint 1",
        "System.WorkItemType": "Feature",
        "System.State": "Done",
        "System.Reason": "Work finished",
        "System.CreatedDate": "2024-02-27T01:16:38.657Z",
        "System.CreatedBy": "Shodai Ikebe <shodaiikebe@microsoft.com>",
        "System.ChangedDate": "2024-02-27T01:16:38.657Z",
        "System.ChangedBy": "Shodai Ikebe <shodaiikebe@microsoft.com>",
        "System.Title": "As a marketeer i want our website to be performant and available around the world",
        "Microsoft.VSTS.Scheduling.Effort": 0.0,
        "System.Description": "As a marketeer i want our website to be performant and available around the world",
        "System.AssignedTo": "Shodai Ikebe <shodaiikebe@microsoft.com>",
        "Microsoft.VSTS.Scheduling.RemainingWork": 0.0,
        "Microsoft.VSTS.Common.Priority": 2.0,
        "System.BoardLane": null,
        "System.Tags": null,
        "Microsoft.VSTS.TCM.Steps": null,
        "Microsoft.VSTS.TCM.Parameters": null,
        "Microsoft.VSTS.TCM.LocalDataSource": null,
        "Microsoft.VSTS.TCM.AutomationStatus": null,
        "System.History": null
      },
      "relations": null,
      "url": "https://dev.azure.com/sikebe/_apis/wit/workItems/395"
    }
  ],
  "HttpStatusCode": 0,
  "Message": null
}