{
  "count": 18,
  "value": [
    {
      "id": 396,
      "rev": 1,
      "fields": {
        "System.AreaPath": "Tailspin",
        "System.TeamProject": "Tailspin",
        "System.IterationPath": "Tailspin",
        "System.WorkItemType": "Product Backlog Item",
        "System.State": "New",
        "System.Reason": "New backlog item",
        "System.CreatedDate": "2024-02-27T01:16:39.1Z",
        "System.CreatedBy": "Shodai Ikebe <shodaiikebe@microsoft.com>",
        "System.ChangedDate": "2024-02-27T01:16:39.1Z",
        "System.ChangedBy": "Shodai Ikebe <shodaiikebe@microsoft.com>",
        "System.Title": "Provide related items or frequently bought together section when people browse or search",
        "Microsoft.VSTS.Scheduling.Effort": 0.0,
        "System.Description": "Provide related items or frequently bought together section when people browse or search",
        "System.AssignedTo": null,
        "Microsoft.VSTS.Scheduling.RemainingWork": 0.0,
        "Microsoft.VSTS.Common.Priority": 2.0,
        "System.BoardLane": null,
        "System.Tags": null,
        "Microsoft.VSTS.TCM.Steps": null,
        "Microsoft.VSTS.TCM.Parameters": null,
        "Microsoft.VSTS.TCM.LocalDataSource": null,
        "Microsoft.VSTS.TCM.AutomationStatus": null,
        "System.History": null
      },
      "relations": [
        {
          "rel": "Microsoft.VSTS.Common.TestedBy-Forward",
          "url": "https://dev.azure.com/sikebe/_apis/wit/workItems/499",
          "attributes": {
            "isLocked": "false",
            "comment": "Making a new link for the dependency",
            "name": "Tested By"
          }
        }
      ],
      "url": "https://dev.azure.com/sikebe/_apis/wit/workItems/396"
    },
    {
      "id": 397,
      "rev": 1,
      "fields": {
        "System.AreaPath": "Tailspin",
        "System.TeamProject": "Tailspin",
        "System.IterationPath": "$ProjectName$\\Sprint 6",
        "System.WorkItemType": "Product Backlog Item",
        "System.State": "New",
        "System.Reason": "Moved to the backlog",
        "System.CreatedDate": "2024-02-27T01:16:39.393Z",
        "System.CreatedBy": "Shodai Ikebe <shodaiikebe@microsoft.com>",
        "System.ChangedDate": "2024-02-27T01:16:39.393Z",
        "System.ChangedBy": "Shodai Ikebe <shodaiikebe@microsoft.com>",
        "System.Title": "As tester, I need to test the website on all the relevant broswers and devices and be sure that it can handle our load.",
        "Microsoft.VSTS.Scheduling.Effort": 8.0,
        "System.Description": "As tester, I need to test the website on all the relevant broswers and devices and be sure that it can handle our load.",
        "System.AssignedTo": null,
        "Microsoft.VSTS.Scheduling.RemainingWork": 0.0,
        "Microsoft.VSTS.Common.Priority": 2.0,
        "System.BoardLane": null,
        "System.Tags": null,
        "Microsoft.VSTS.TCM.Steps": null,
        "Microsoft.VSTS.TCM.Parameters": null,
        "Microsoft.VSTS.TCM.LocalDataSource": null,
        "Microsoft.VSTS.TCM.AutomationStatus": null,
        "System.History": null
      },
      "relations": null,
      "url": "https://dev.azure.com/sikebe/_apis/wit/workItems/397"
    },
    {
      "id": 398,
      "rev": 1,
      "fields": {
        "System.AreaPath": "Tailspin",
        "System.TeamProject": "Tailspin",
        "System.IterationPath": "Tailspin",
        "System.WorkItemType": "Product Backlog Item",
        "System.State": "New",
        "System.Reason": "Moved to the backlog",
        "System.CreatedDate": "2024-02-27T01:16:39.683Z",
        "System.CreatedBy": "Shodai Ikebe <shodaiikebe@microsoft.com>",
        "System.ChangedDate": "2024-02-27T01:16:39.683Z",
        "System.ChangedBy": "Shodai Ikebe <shodaiikebe@microsoft.com>",
        "System.Title": "As a customer, I should be able to put items to shopping cart",
        "Microsoft.VSTS.Scheduling.Effort": 8.0,
        "System.Description": "As a customer, I should be able to put items to shopping cart",
        "System.AssignedTo": null,
        "Microsoft.VSTS.Scheduling.RemainingWork": 0.0,
        "Microsoft.VSTS.Common.Priority": 2.0,
        "System.BoardLane": null,
        "System.Tags": null,
        "Microsoft.VSTS.TCM.Steps": null,
        "Microsoft.VSTS.TCM.Parameters": null,
        "Microsoft.VSTS.TCM.LocalDataSource": null,
        "Microsoft.VSTS.TCM.AutomationStatus": null,
        "System.History": null
      },
      "relations": [
        {
          "rel": "Microsoft.VSTS.Common.TestedBy-Forward",
          "url": "https://dev.azure.com/sikebe/_apis/wit/workItems/511",
          "attributes": {
            "isLocked": "false",
            "comment": "Making a new link for the dependency",
            "name": "Tested By"
          }
        },
        {
          "rel": "Microsoft.VSTS.Common.TestedBy-Forward",
          "url": "https://dev.azure.com/sikebe/_apis/wit/workItems/510",
          "attributes": {
            "isLocked": "false",
            "comment": "Making a new link for the dependency",
            "name": "Tested By"
          }
        },
        {
          "rel": "Microsoft.VSTS.Common.TestedBy-Forward",
          "url": "https://dev.azure.com/sikebe/_apis/wit/workItems/512",
          "attributes": {
            "isLocked": "false",
            "comment": "Making a new link for the dependency",
            "name": "Tested By"
          }
        }
      ],
      "url": "https://dev.azure.com/sikebe/_apis/wit/workItems/398"
    },
    {
      "id": 399,
      "rev": 1,
      "fields": {
        "System.AreaPath": "Tailspin",
        "System.TeamProject": "Tailspin",
        "System.IterationPath": "Tailspin",
        "System.WorkItemType": "Product Backlog Item",
        "System.State": "New",
        "System.Reason": "Moved to the backlog",
        "System.CreatedDate": "2024-02-27T01:16:39.963Z",
        "System.CreatedBy": "Shodai Ikebe <shodaiikebe@microsoft.com>",
        "System.ChangedDate": "2024-02-27T01:16:39.963Z",
        "System.ChangedBy": "Shodai Ikebe <shodaiikebe@microsoft.com>",
        "System.Title": "As a customer, I should be able to print my purchase order",
        "Microsoft.VSTS.Scheduling.Effort": 0.0,
        "System.Description": "Ops needs the ability to quickly roll back to a known good state in the event of a critical problem in production.",
        "System.AssignedTo": null,
        "Microsoft.VSTS.Scheduling.RemainingWork": 0.0,
        "Microsoft.VSTS.Common.Priority": 2.0,
        "System.BoardLane": null,
        "System.Tags": null,
        "Microsoft.VSTS.TCM.Steps": null,
        "Microsoft.VSTS.TCM.Parameters": null,
        "Microsoft.VSTS.TCM.LocalDataSource": null,
        "Microsoft.VSTS.TCM.AutomationStatus": null,
        "System.History": null
      },
      "relations": [
        {
          "rel": "Microsoft.VSTS.Common.TestedBy-Forward",
          "url": "https://dev.azure.com/sikebe/_apis/wit/workItems/505",
          "attributes": {
            "isLocked": "false",
            "comment": "Making a new link for the dependency",
            "name": "Tested By"
          }
        }
      ],
      "url": "https://dev.azure.com/sikebe/_apis/wit/workItems/399"
    },
    {
      "id": 400,
      "rev": 1,
      "fields": {
        "System.AreaPath": "Tailspin",
        "System.TeamProject": "Tailspin",
        "System.IterationPath": "$ProjectName$\\Sprint 6",
        "System.WorkItemType": "Product Backlog Item",
        "System.State": "New",
        "System.Reason": "New backlog item",
        "System.CreatedDate": "2024-02-27T01:16:40.257Z",
        "System.CreatedBy": "Shodai Ikebe <shodaiikebe@microsoft.com>",
        "System.ChangedDate": "2024-02-27T01:16:40.257Z",
        "System.ChangedBy": "Shodai Ikebe <shodaiikebe@microsoft.com>",
        "System.Title": "As a customer, I would like to have a sort capabaility by price and customer ratings",
        "Microsoft.VSTS.Scheduling.Effort": 13.0,
        "System.Description": "As developer, I want a clone of the Phoenix feedback and events database",
        "System.AssignedTo": null,
        "Microsoft.VSTS.Scheduling.RemainingWork": 0.0,
        "Microsoft.VSTS.Common.Priority": 1.0,
        "System.BoardLane": null,
        "System.Tags": null,
        "Microsoft.VSTS.TCM.Steps": null,
        "Microsoft.VSTS.TCM.Parameters": null,
        "Microsoft.VSTS.TCM.LocalDataSource": null,
        "Microsoft.VSTS.TCM.AutomationStatus": null,
        "System.History": null
      },
      "relations": [
        {
          "rel": "Microsoft.VSTS.Common.TestedBy-Forward",
          "url": "https://dev.azure.com/sikebe/_apis/wit/workItems/504",
          "attributes": {
            "isLocked": "false",
            "comment": "Making a new link for the dependency",
            "name": "Tested By"
          }
        }
      ],
      "url": "https://dev.azure.com/sikebe/_apis/wit/workItems/400"
    },
    {
      "id": 401,
      "rev": 1,
      "fields": {
        "System.AreaPath": "Tailspin",
        "System.TeamProject": "Tailspin",
        "System.IterationPath": "$ProjectName$\\Sprint 4",
        "System.WorkItemType": "Product Backlog Item",
        "System.State": "New",
        "System.Reason": "New backlog item",
        "System.CreatedDate": "2024-02-27T01:16:40.563Z",
        "System.CreatedBy": "Shodai Ikebe <shodaiikebe@microsoft.com>",
        "System.ChangedDate": "2024-02-27T01:16:40.563Z",
        "System.ChangedBy": "Shodai Ikebe <shodaiikebe@microsoft.com>",
        "System.Title": "Recommended products must be based on customer purchase pattern history",
        "Microsoft.VSTS.Scheduling.Effort": 2.0,
        "System.Description": "Recommended products must be based on customer purchase pattern history",
        "System.AssignedTo": null,
        "Microsoft.VSTS.Scheduling.RemainingWork": 10.0,
        "Microsoft.VSTS.Common.Priority": 2.0,
        "System.BoardLane": null,
        "System.Tags": null,
        "Microsoft.VSTS.TCM.Steps": null,
        "Microsoft.VSTS.TCM.Parameters": null,
        "Microsoft.VSTS.TCM.LocalDataSource": null,
        "Microsoft.VSTS.TCM.AutomationStatus": null,
        "System.History": null
      },
      "relations": null,
      "url": "https://dev.azure.com/sikebe/_apis/wit/workItems/401"
    },
    {
      "id": 402,
      "rev": 1,
      "fields": {
        "System.AreaPath": "Tailspin",
        "System.TeamProject": "Tailspin",
        "System.IterationPath": "$ProjectName$\\Sprint 6",
        "System.WorkItemType": "Product Backlog Item",
        "System.State": "New",
        "System.Reason": "Moved to the backlog",
        "System.CreatedDate": "2024-02-27T01:16:40.91Z",
        "System.CreatedBy": "Shodai Ikebe <shodaiikebe@microsoft.com>",
        "System.ChangedDate": "2024-02-27T01:16:40.91Z",
        "System.ChangedBy": "Shodai Ikebe <shodaiikebe@microsoft.com>",
        "System.Title": "As a customer, I would like to save my addresses so that I can easily select the address for delivery",
        "Microsoft.VSTS.Scheduling.Effort": 8.0,
        "System.Description": "As a customer, I would like to save my addresses so that I can easily select the address for delivery",
        "System.AssignedTo": null,
        "Microsoft.VSTS.Scheduling.RemainingWork": 0.0,
        "Microsoft.VSTS.Common.Priority": 2.0,
        "System.BoardLane": null,
        "System.Tags": null,
        "Microsoft.VSTS.TCM.Steps": null,
        "Microsoft.VSTS.TCM.Parameters": null,
        "Microsoft.VSTS.TCM.LocalDataSource": null,
        "Microsoft.VSTS.TCM.AutomationStatus": null,
        "System.History": null
      },
      "relations": [
        {
          "rel": "Microsoft.VSTS.Common.TestedBy-Forward",
          "url": "https://dev.azure.com/sikebe/_apis/wit/workItems/506",
          "attributes": {
            "isLocked": "false",
            "comment": "Making a new link for the dependency",
            "name": "Tested By"
          }
        }
      ],
      "url": "https://dev.azure.com/sikebe/_apis/wit/workItems/402"
    },
    {
      "id": 403,
      "rev": 1,
      "fields": {
        "System.AreaPath": "Tailspin",
        "System.TeamProject": "Tailspin",
        "System.IterationPath": "Tailspin",
        "System.WorkItemType": "Product Backlog Item",
        "System.State": "New",
        "System.Reason": "Moved to the backlog",
        "System.CreatedDate": "2024-02-27T01:16:41.2Z",
        "System.CreatedBy": "Shodai Ikebe <shodaiikebe@microsoft.com>",
        "System.ChangedDate": "2024-02-27T01:16:41.2Z",
        "System.ChangedBy": "Shodai Ikebe <shodaiikebe@microsoft.com>",
        "System.Title": "As marketer, I want to run an A|B test on alternative Web Sites using Application Insights.",
        "Microsoft.VSTS.Scheduling.Effort": 3.0,
        "System.Description": "As marketer, I want to run an A|B test on alternative Web Sites using Application Insights.",
        "System.AssignedTo": null,
        "Microsoft.VSTS.Scheduling.RemainingWork": 0.0,
        "Microsoft.VSTS.Common.Priority": 2.0,
        "System.BoardLane": null,
        "System.Tags": null,
        "Microsoft.VSTS.TCM.Steps": null,
        "Microsoft.VSTS.TCM.Parameters": null,
        "Microsoft.VSTS.TCM.LocalDataSource": null,
        "Microsoft.VSTS.TCM.AutomationStatus": null,
        "System.History": null
      },
      "relations": null,
      "url": "https://dev.azure.com/sikebe/_apis/wit/workItems/403"
    },
    {
      "id": 404,
      "rev": 1,
      "fields": {
        "System.AreaPath": "Tailspin",
        "System.TeamProject": "Tailspin",
        "System.IterationPath": "$ProjectName$\\Sprint 1",
        "System.WorkItemType": "Product Backlog Item",
        "System.State": "Done",
        "System.Reason": "Work finished",
        "System.CreatedDate": "2024-02-27T01:16:41.48Z",
        "System.CreatedBy": "Shodai Ikebe <shodaiikebe@microsoft.com>",
        "System.ChangedDate": "2024-02-27T01:16:41.48Z",
        "System.ChangedBy": "Shodai Ikebe <shodaiikebe@microsoft.com>",
        "System.Title": "Provide customers the ability to track status of the package",
        "Microsoft.VSTS.Scheduling.Effort": 2.0,
        "System.Description": "Provide customers the ability to track status of the package",
        "System.AssignedTo": "Shodai Ikebe <shodaiikebe@microsoft.com>",
        "Microsoft.VSTS.Scheduling.RemainingWork": 0.0,
        "Microsoft.VSTS.Common.Priority": 2.0,
        "System.BoardLane": null,
        "System.Tags": null,
        "Microsoft.VSTS.TCM.Steps": null,
        "Microsoft.VSTS.TCM.Parameters": null,
        "Microsoft.VSTS.TCM.LocalDataSource": null,
        "Microsoft.VSTS.TCM.AutomationStatus": null,
        "System.History": null
      },
      "relations": null,
      "url": "https://dev.azure.com/sikebe/_apis/wit/workItems/404"
    },
    {
      "id": 405,
      "rev": 1,
      "fields": {
        "System.AreaPath": "Tailspin",
        "System.TeamProject": "Tailspin",
        "System.IterationPath": "$ProjectName$\\Sprint 6",
        "System.WorkItemType": "Product Backlog Item",
        "System.State": "Done",
        "System.Reason": "Work finished",
        "System.CreatedDate": "2024-02-27T01:16:41.803Z",
        "System.CreatedBy": "Shodai Ikebe <shodaiikebe@microsoft.com>",
        "System.ChangedDate": "2024-02-27T01:16:41.803Z",
        "System.ChangedBy": "Shodai Ikebe <shodaiikebe@microsoft.com>",
        "System.Title": "As a customer, I would like to have the ability to send my items as gift",
        "Microsoft.VSTS.Scheduling.Effort": 5.0,
        "System.Description": "As a customer, I would like to have the ability to send my items as gift",
        "System.AssignedTo": "Shodai Ikebe <shodaiikebe@microsoft.com>",
        "Microsoft.VSTS.Scheduling.RemainingWork": 0.0,
        "Microsoft.VSTS.Common.Priority": 2.0,
        "System.BoardLane": null,
        "System.Tags": null,
        "Microsoft.VSTS.TCM.Steps": null,
        "Microsoft.VSTS.TCM.Parameters": null,
        "Microsoft.VSTS.TCM.LocalDataSource": null,
        "Microsoft.VSTS.TCM.AutomationStatus": null,
        "System.History": null
      },
      "relations": null,
      "url": "https://dev.azure.com/sikebe/_apis/wit/workItems/405"
    },
    {
      "id": 406,
      "rev": 1,
      "fields": {
        "System.AreaPath": "Tailspin",
        "System.TeamProject": "Tailspin",
        "System.IterationPath": "Tailspin",
        "System.WorkItemType": "Product Backlog Item",
        "System.State": "Committed",
        "System.Reason": "Additional work found",
        "System.CreatedDate": "2024-02-27T01:16:42.107Z",
        "System.CreatedBy": "Shodai Ikebe <shodaiikebe@microsoft.com>",
        "System.ChangedDate": "2024-02-27T01:16:42.107Z",
        "System.ChangedBy": "Shodai Ikebe <shodaiikebe@microsoft.com>",
        "System.Title": "As a customer, I would like to store my credit card details securely",
        "Microsoft.VSTS.Scheduling.Effort": 0.0,
        "System.Description": "More information here",
        "System.AssignedTo": null,
        "Microsoft.VSTS.Scheduling.RemainingWork": 0.0,
        "Microsoft.VSTS.Common.Priority": 2.0,
        "System.BoardLane": null,
        "System.Tags": null,
        "Microsoft.VSTS.TCM.Steps": null,
        "Microsoft.VSTS.TCM.Parameters": null,
        "Microsoft.VSTS.TCM.LocalDataSource": null,
        "Microsoft.VSTS.TCM.AutomationStatus": null,
        "System.History": null
      },
      "relations": [
        {
          "rel": "Microsoft.VSTS.Common.TestedBy-Forward",
          "url": "https://dev.azure.com/sikebe/_apis/wit/workItems/502",
          "attributes": {
            "isLocked": "false",
            "comment": "Making a new link for the dependency",
            "name": "Tested By"
          }
        },
        {
          "rel": "Microsoft.VSTS.Common.TestedBy-Forward",
          "url": "https://dev.azure.com/sikebe/_apis/wit/workItems/503",
          "attributes": {
            "isLocked": "false",
            "comment": "Making a new link for the dependency",
            "name": "Tested By"
          }
        },
        {
          "rel": "Microsoft.VSTS.Common.TestedBy-Forward",
          "url": "https://dev.azure.com/sikebe/_apis/wit/workItems/501",
          "attributes": {
            "isLocked": "false",
            "comment": "Making a new link for the dependency",
            "name": "Tested By"
          }
        }
      ],
      "url": "https://dev.azure.com/sikebe/_apis/wit/workItems/406"
    },
    {
      "id": 407,
      "rev": 1,
      "fields": {
        "System.AreaPath": "Tailspin",
        "System.TeamProject": "Tailspin",
        "System.IterationPath": "Tailspin",
        "System.WorkItemType": "Product Backlog Item",
        "System.State": "Committed",
        "System.Reason": "Commitment made by the team",
        "System.CreatedDate": "2024-02-27T01:16:42.393Z",
        "System.CreatedBy": "Shodai Ikebe <shodaiikebe@microsoft.com>",
        "System.ChangedDate": "2024-02-27T01:16:42.393Z",
        "System.ChangedBy": "Shodai Ikebe <shodaiikebe@microsoft.com>",
        "System.Title": "As a customer, I should be able to select different shipping option",
        "Microsoft.VSTS.Scheduling.Effort": 2.0,
        "System.Description": "As a customer, I should be able to view all the shipping options available and be able to select a different shipping option other than the default option",
        "System.AssignedTo": null,
        "Microsoft.VSTS.Scheduling.RemainingWork": 0.0,
        "Microsoft.VSTS.Common.Priority": 1.0,
        "System.BoardLane": null,
        "System.Tags": null,
        "Microsoft.VSTS.TCM.Steps": null,
        "Microsoft.VSTS.TCM.Parameters": null,
        "Microsoft.VSTS.TCM.LocalDataSource": null,
        "Microsoft.VSTS.TCM.AutomationStatus": null,
        "System.History": null
      },
      "relations": null,
      "url": "https://dev.azure.com/sikebe/_apis/wit/workItems/407"
    },
    {
      "id": 408,
      "rev": 1,
      "fields": {
        "System.AreaPath": "Tailspin",
        "System.TeamProject": "Tailspin",
        "System.IterationPath": "Tailspin",
        "System.WorkItemType": "Product Backlog Item",
        "System.State": "Committed",
        "System.Reason": "Commitment made by the team",
        "System.CreatedDate": "2024-02-27T01:16:42.69Z",
        "System.CreatedBy": "Shodai Ikebe <shodaiikebe@microsoft.com>",
        "System.ChangedDate": "2024-02-27T01:16:42.69Z",
        "System.ChangedBy": "Shodai Ikebe <shodaiikebe@microsoft.com>",
        "System.Title": "As developer, I want to use Azure Machine Learning to provide a recommendations engine behind the website.",
        "Microsoft.VSTS.Scheduling.Effort": 2.0,
        "System.Description": "As developer, I want to use Azure Machine Learning to provide a recommendations engine behind the website.",
        "System.AssignedTo": null,
        "Microsoft.VSTS.Scheduling.RemainingWork": 0.0,
        "Microsoft.VSTS.Common.Priority": 1.0,
        "System.BoardLane": null,
        "System.Tags": null,
        "Microsoft.VSTS.TCM.Steps": null,
        "Microsoft.VSTS.TCM.Parameters": null,
        "Microsoft.VSTS.TCM.LocalDataSource": null,
        "Microsoft.VSTS.TCM.AutomationStatus": null,
        "System.History": null
      },
      "relations": null,
      "url": "https://dev.azure.com/sikebe/_apis/wit/workItems/408"
    },
    {
      "id": 409,
      "rev": 1,
      "fields": {
        "System.AreaPath": "Tailspin",
        "System.TeamProject": "Tailspin",
        "System.IterationPath": "$ProjectName$\\Sprint 2",
        "System.WorkItemType": "Product Backlog Item",
        "System.State": "Committed",
        "System.Reason": "Commitment made by the team",
        "System.CreatedDate": "2024-02-27T01:16:42.977Z",
        "System.CreatedBy": "Shodai Ikebe <shodaiikebe@microsoft.com>",
        "System.ChangedDate": "2024-02-27T01:16:42.977Z",
        "System.ChangedBy": "Shodai Ikebe <shodaiikebe@microsoft.com>",
        "System.Title": "Provide tentative duration for shipping.",
        "Microsoft.VSTS.Scheduling.Effort": 13.0,
        "System.Description": "Customers when they make the order and select the shipping method, the system should provide the tentative duration for shipping the items",
        "System.AssignedTo": null,
        "Microsoft.VSTS.Scheduling.RemainingWork": 0.0,
        "Microsoft.VSTS.Common.Priority": 2.0,
        "System.BoardLane": null,
        "System.Tags": null,
        "Microsoft.VSTS.TCM.Steps": null,
        "Microsoft.VSTS.TCM.Parameters": null,
        "Microsoft.VSTS.TCM.LocalDataSource": null,
        "Microsoft.VSTS.TCM.AutomationStatus": null,
        "System.History": null
      },
      "relations": [
        {
          "rel": "Microsoft.VSTS.Common.TestedBy-Forward",
          "url": "https://dev.azure.com/sikebe/_apis/wit/workItems/513",
          "attributes": {
            "isLocked": "false",
            "comment": "Making a new link for the dependency",
            "name": "Tested By"
          }
        }
      ],
      "url": "https://dev.azure.com/sikebe/_apis/wit/workItems/409"
    },
    {
      "id": 410,
      "rev": 1,
      "fields": {
        "System.AreaPath": "Tailspin",
        "System.TeamProject": "Tailspin",
        "System.IterationPath": "$ProjectName$\\Sprint 6",
        "System.WorkItemType": "Product Backlog Item",
        "System.State": "Approved",
        "System.Reason": "Work stopped",
        "System.CreatedDate": "2024-02-27T01:16:43.26Z",
        "System.CreatedBy": "Shodai Ikebe <shodaiikebe@microsoft.com>",
        "System.ChangedDate": "2024-02-27T01:16:43.26Z",
        "System.ChangedBy": "Shodai Ikebe <shodaiikebe@microsoft.com>",
        "System.Title": "Notify the user about any changes made to the order",
        "Microsoft.VSTS.Scheduling.Effort": 10.0,
        "System.Description": "Users should be notified when there is a change to the order including shipping, delivery, price changes",
        "System.AssignedTo": null,
        "Microsoft.VSTS.Scheduling.RemainingWork": 0.0,
        "Microsoft.VSTS.Common.Priority": 2.0,
        "System.BoardLane": null,
        "System.Tags": null,
        "Microsoft.VSTS.TCM.Steps": null,
        "Microsoft.VSTS.TCM.Parameters": null,
        "Microsoft.VSTS.TCM.LocalDataSource": null,
        "Microsoft.VSTS.TCM.AutomationStatus": null,
        "System.History": null
      },
      "relations": [
        {
          "rel": "Microsoft.VSTS.Common.TestedBy-Forward",
          "url": "https://dev.azure.com/sikebe/_apis/wit/workItems/500",
          "attributes": {
            "isLocked": "false",
            "comment": "Making a new link for the dependency",
            "name": "Tested By"
          }
        }
      ],
      "url": "https://dev.azure.com/sikebe/_apis/wit/workItems/410"
    },
    {
      "id": 411,
      "rev": 1,
      "fields": {
        "System.AreaPath": "Tailspin",
        "System.TeamProject": "Tailspin",
        "System.IterationPath": "$ProjectName$\\Sprint 6",
        "System.WorkItemType": "Product Backlog Item",
        "System.State": "Approved",
        "System.Reason": "Additional work found",
        "System.CreatedDate": "2024-02-27T01:16:43.633Z",
        "System.CreatedBy": "Shodai Ikebe <shodaiikebe@microsoft.com>",
        "System.ChangedDate": "2024-02-27T01:16:43.633Z",
        "System.ChangedBy": "Shodai Ikebe <shodaiikebe@microsoft.com>",
        "System.Title": "As a admin, I should be able to update prices on ad-hoc condition",
        "Microsoft.VSTS.Scheduling.Effort": 6.0,
        "System.Description": "As a admin, I should be able to update prices on ad-hoc condition. The prices should be immediately reflected on the product page. Any unconfirmed order should include the updated price&nbsp;",
        "System.AssignedTo": null,
        "Microsoft.VSTS.Scheduling.RemainingWork": 0.0,
        "Microsoft.VSTS.Common.Priority": 2.0,
        "System.BoardLane": null,
        "System.Tags": null,
        "Microsoft.VSTS.TCM.Steps": null,
        "Microsoft.VSTS.TCM.Parameters": null,
        "Microsoft.VSTS.TCM.LocalDataSource": null,
        "Microsoft.VSTS.TCM.AutomationStatus": null,
        "System.History": null
      },
      "relations": [
        {
          "rel": "Microsoft.VSTS.Common.TestedBy-Forward",
          "url": "https://dev.azure.com/sikebe/_apis/wit/workItems/509",
          "attributes": {
            "isLocked": "false",
            "comment": "Making a new link for the dependency",
            "name": "Tested By"
          }
        }
      ],
      "url": "https://dev.azure.com/sikebe/_apis/wit/workItems/411"
    },
    {
      "id": 412,
      "rev": 1,
      "fields": {
        "System.AreaPath": "Tailspin",
        "System.TeamProject": "Tailspin",
        "System.IterationPath": "$ProjectName$\\Sprint 6",
        "System.WorkItemType": "Product Backlog Item",
        "System.State": "Approved",
        "System.Reason": "Additional work found",
        "System.CreatedDate": "2024-02-27T01:16:44.033Z",
        "System.CreatedBy": "Shodai Ikebe <shodaiikebe@microsoft.com>",
        "System.ChangedDate": "2024-02-27T01:16:44.033Z",
        "System.ChangedBy": "Shodai Ikebe <shodaiikebe@microsoft.com>",
        "System.Title": "As a customer, I would like to provide my feedback on items that I have purchased",
        "Microsoft.VSTS.Scheduling.Effort": 5.0,
        "System.Description": "As a customer, I would like to provide my feedback on items that I have purchased",
        "System.AssignedTo": null,
        "Microsoft.VSTS.Scheduling.RemainingWork": 0.0,
        "Microsoft.VSTS.Common.Priority": 2.0,
        "System.BoardLane": null,
        "System.Tags": null,
        "Microsoft.VSTS.TCM.Steps": null,
        "Microsoft.VSTS.TCM.Parameters": null,
        "Microsoft.VSTS.TCM.LocalDataSource": null,
        "Microsoft.VSTS.TCM.AutomationStatus": null,
        "System.History": null
      },
      "relations": [
        {
          "rel": "Microsoft.VSTS.Common.TestedBy-Forward",
          "url": "https://dev.azure.com/sikebe/_apis/wit/workItems/508",
          "attributes": {
            "isLocked": "false",
            "comment": "Making a new link for the dependency",
            "name": "Tested By"
          }
        }
      ],
      "url": "https://dev.azure.com/sikebe/_apis/wit/workItems/412"
    },
    {
      "id": 413,
      "rev": 1,
      "fields": {
        "System.AreaPath": "Tailspin",
        "System.TeamProject": "Tailspin",
        "System.IterationPath": "$ProjectName$\\Sprint 2",
        "System.WorkItemType": "Product Backlog Item",
        "System.State": "Approved",
        "System.Reason": "Approved by the Product Owner",
        "System.CreatedDate": "2024-02-27T01:16:44.383Z",
        "System.CreatedBy": "Shodai Ikebe <shodaiikebe@microsoft.com>",
        "System.ChangedDate": "2024-02-27T01:16:44.383Z",
        "System.ChangedBy": "Shodai Ikebe <shodaiikebe@microsoft.com>",
        "System.Title": "As a customer, I would like to have a wishlist where I can add items for future purchase",
        "Microsoft.VSTS.Scheduling.Effort": 2.0,
        "System.Description": "As a customer, I would like to have a wishlist where I can add items for future purchase",
        "System.AssignedTo": null,
        "Microsoft.VSTS.Scheduling.RemainingWork": 0.0,
        "Microsoft.VSTS.Common.Priority": 1.0,
        "System.BoardLane": null,
        "System.Tags": null,
        "Microsoft.VSTS.TCM.Steps": null,
        "Microsoft.VSTS.TCM.Parameters": null,
        "Microsoft.VSTS.TCM.LocalDataSource": null,
        "Microsoft.VSTS.TCM.AutomationStatus": null,
        "System.History": null
      },
      "relations": [
        {
          "rel": "Microsoft.VSTS.Common.TestedBy-Forward",
          "url": "https://dev.azure.com/sikebe/_apis/wit/workItems/507",
          "attributes": {
            "isLocked": "false",
            "comment": "Making a new link for the dependency",
            "name": "Tested By"
          }
        }
      ],
      "url": "https://dev.azure.com/sikebe/_apis/wit/workItems/413"
    }
  ],
  "HttpStatusCode": 0,
  "Message": null
}