{
  "count": 29,
  "value": [
    {
      "id": 72,
      "rev": 1,
      "fields": {
        "System.AreaPath": "Tailspin",
        "System.TeamProject": "Tailspin",
        "System.IterationPath": "$ProjectName$\\Sprint 3",
        "System.WorkItemType": "Task",
        "System.State": "To Do",
        "System.Reason": "New task",
        "System.CreatedDate": "2024-02-25T12:28:50.5Z",
        "System.CreatedBy": "Shodai Ikebe <shodaiikebe@microsoft.com>",
        "System.ChangedDate": "2024-02-27T00:28:50.227Z",
        "System.ChangedBy": "Shodai Ikebe <shodaiikebe@microsoft.com>",
        "System.Title": "Update navigation",
        "Microsoft.VSTS.Scheduling.Effort": 0.0,
        "System.Description": "Update navigation",
        "System.AssignedTo": null,
        "Microsoft.VSTS.Scheduling.RemainingWork": 0.0,
        "Microsoft.VSTS.Common.Priority": 2.0,
        "System.BoardLane": null,
        "System.Tags": null,
        "Microsoft.VSTS.TCM.Steps": null,
        "Microsoft.VSTS.TCM.Parameters": null,
        "Microsoft.VSTS.TCM.LocalDataSource": null,
        "Microsoft.VSTS.TCM.AutomationStatus": null,
        "System.History": null
      },
      "relations": null,
      "url": "https://dev.azure.com/sikebe/_apis/wit/workItems/72"
    },
    {
      "id": 73,
      "rev": 1,
      "fields": {
        "System.AreaPath": "Tailspin",
        "System.TeamProject": "Tailspin",
        "System.IterationPath": "$ProjectName$\\Sprint 3",
        "System.WorkItemType": "Task",
        "System.State": "To Do",
        "System.Reason": "New task",
        "System.CreatedDate": "2024-02-24T12:28:50.5Z",
        "System.CreatedBy": "Shodai Ikebe <shodaiikebe@microsoft.com>",
        "System.ChangedDate": "2024-02-27T00:28:50.61Z",
        "System.ChangedBy": "Shodai Ikebe <shodaiikebe@microsoft.com>",
        "System.Title": "Add categories",
        "Microsoft.VSTS.Scheduling.Effort": 0.0,
        "System.Description": "Add categories",
        "System.AssignedTo": null,
        "Microsoft.VSTS.Scheduling.RemainingWork": 0.0,
        "Microsoft.VSTS.Common.Priority": 2.0,
        "System.BoardLane": null,
        "System.Tags": null,
        "Microsoft.VSTS.TCM.Steps": null,
        "Microsoft.VSTS.TCM.Parameters": null,
        "Microsoft.VSTS.TCM.LocalDataSource": null,
        "Microsoft.VSTS.TCM.AutomationStatus": null,
        "System.History": null
      },
      "relations": null,
      "url": "https://dev.azure.com/sikebe/_apis/wit/workItems/73"
    },
    {
      "id": 74,
      "rev": 1,
      "fields": {
        "System.AreaPath": "Tailspin",
        "System.TeamProject": "Tailspin",
        "System.IterationPath": "$ProjectName$\\Sprint 3",
        "System.WorkItemType": "Task",
        "System.State": "To Do",
        "System.Reason": "New task",
        "System.CreatedDate": "2024-02-23T12:28:50.5Z",
        "System.CreatedBy": "Shodai Ikebe <shodaiikebe@microsoft.com>",
        "System.ChangedDate": "2024-02-27T00:28:50.92Z",
        "System.ChangedBy": "Shodai Ikebe <shodaiikebe@microsoft.com>",
        "System.Title": "New bug",
        "Microsoft.VSTS.Scheduling.Effort": 0.0,
        "System.Description": "New bug",
        "System.AssignedTo": null,
        "Microsoft.VSTS.Scheduling.RemainingWork": 0.0,
        "Microsoft.VSTS.Common.Priority": 2.0,
        "System.BoardLane": null,
        "System.Tags": null,
        "Microsoft.VSTS.TCM.Steps": null,
        "Microsoft.VSTS.TCM.Parameters": null,
        "Microsoft.VSTS.TCM.LocalDataSource": null,
        "Microsoft.VSTS.TCM.AutomationStatus": null,
        "System.History": null
      },
      "relations": null,
      "url": "https://dev.azure.com/sikebe/_apis/wit/workItems/74"
    },
    {
      "id": 75,
      "rev": 1,
      "fields": {
        "System.AreaPath": "Tailspin",
        "System.TeamProject": "Tailspin",
        "System.IterationPath": "$ProjectName$\\Sprint 3",
        "System.WorkItemType": "Task",
        "System.State": "To Do",
        "System.Reason": "New task",
        "System.CreatedDate": "2024-02-24T12:28:51.51Z",
        "System.CreatedBy": "Shodai Ikebe <shodaiikebe@microsoft.com>",
        "System.ChangedDate": "2024-02-27T00:28:51.193Z",
        "System.ChangedBy": "Shodai Ikebe <shodaiikebe@microsoft.com>",
        "System.Title": "Be sure and include a dark theme",
        "Microsoft.VSTS.Scheduling.Effort": 0.0,
        "System.Description": "Be sure and include a dark theme",
        "System.AssignedTo": null,
        "Microsoft.VSTS.Scheduling.RemainingWork": 0.0,
        "Microsoft.VSTS.Common.Priority": 2.0,
        "System.BoardLane": null,
        "System.Tags": null,
        "Microsoft.VSTS.TCM.Steps": null,
        "Microsoft.VSTS.TCM.Parameters": null,
        "Microsoft.VSTS.TCM.LocalDataSource": null,
        "Microsoft.VSTS.TCM.AutomationStatus": null,
        "System.History": null
      },
      "relations": null,
      "url": "https://dev.azure.com/sikebe/_apis/wit/workItems/75"
    },
    {
      "id": 76,
      "rev": 1,
      "fields": {
        "System.AreaPath": "Tailspin",
        "System.TeamProject": "Tailspin",
        "System.IterationPath": "$ProjectName$\\Sprint 6",
        "System.WorkItemType": "Task",
        "System.State": "To Do",
        "System.Reason": "New task",
        "System.CreatedDate": "2024-02-25T12:28:51.51Z",
        "System.CreatedBy": "Shodai Ikebe <shodaiikebe@microsoft.com>",
        "System.ChangedDate": "2024-02-27T00:28:51.46Z",
        "System.ChangedBy": "Shodai Ikebe <shodaiikebe@microsoft.com>",
        "System.Title": "testzzz",
        "Microsoft.VSTS.Scheduling.Effort": 0.0,
        "System.Description": "testzzz",
        "System.AssignedTo": null,
        "Microsoft.VSTS.Scheduling.RemainingWork": 0.0,
        "Microsoft.VSTS.Common.Priority": 2.0,
        "System.BoardLane": null,
        "System.Tags": null,
        "Microsoft.VSTS.TCM.Steps": null,
        "Microsoft.VSTS.TCM.Parameters": null,
        "Microsoft.VSTS.TCM.LocalDataSource": null,
        "Microsoft.VSTS.TCM.AutomationStatus": null,
        "System.History": null
      },
      "relations": null,
      "url": "https://dev.azure.com/sikebe/_apis/wit/workItems/76"
    },
    {
      "id": 77,
      "rev": 1,
      "fields": {
        "System.AreaPath": "Tailspin",
        "System.TeamProject": "Tailspin",
        "System.IterationPath": "$ProjectName$\\Sprint 6",
        "System.WorkItemType": "Task",
        "System.State": "To Do",
        "System.Reason": "New task",
        "System.CreatedDate": "2024-02-23T12:28:51.51Z",
        "System.CreatedBy": "Shodai Ikebe <shodaiikebe@microsoft.com>",
        "System.ChangedDate": "2024-02-27T00:28:51.73Z",
        "System.ChangedBy": "Shodai Ikebe <shodaiikebe@microsoft.com>",
        "System.Title": "Update the prices on web pages",
        "Microsoft.VSTS.Scheduling.Effort": 0.0,
        "System.Description": "Update the prices on web pages",
        "System.AssignedTo": null,
        "Microsoft.VSTS.Scheduling.RemainingWork": 8.0,
        "Microsoft.VSTS.Common.Priority": 2.0,
        "System.BoardLane": null,
        "System.Tags": null,
        "Microsoft.VSTS.TCM.Steps": null,
        "Microsoft.VSTS.TCM.Parameters": null,
        "Microsoft.VSTS.TCM.LocalDataSource": null,
        "Microsoft.VSTS.TCM.AutomationStatus": null,
        "System.History": null
      },
      "relations": null,
      "url": "https://dev.azure.com/sikebe/_apis/wit/workItems/77"
    },
    {
      "id": 78,
      "rev": 1,
      "fields": {
        "System.AreaPath": "Tailspin",
        "System.TeamProject": "Tailspin",
        "System.IterationPath": "$ProjectName$\\Sprint 6",
        "System.WorkItemType": "Task",
        "System.State": "To Do",
        "System.Reason": "New task",
        "System.CreatedDate": "2024-02-23T12:28:51.51Z",
        "System.CreatedBy": "Shodai Ikebe <shodaiikebe@microsoft.com>",
        "System.ChangedDate": "2024-02-27T00:28:51.993Z",
        "System.ChangedBy": "Shodai Ikebe <shodaiikebe@microsoft.com>",
        "System.Title": "Develop the logic to display geo dependent prices",
        "Microsoft.VSTS.Scheduling.Effort": 0.0,
        "System.Description": "Develop the logic to display geo dependent prices",
        "System.AssignedTo": null,
        "Microsoft.VSTS.Scheduling.RemainingWork": 5.0,
        "Microsoft.VSTS.Common.Priority": 2.0,
        "System.BoardLane": null,
        "System.Tags": null,
        "Microsoft.VSTS.TCM.Steps": null,
        "Microsoft.VSTS.TCM.Parameters": null,
        "Microsoft.VSTS.TCM.LocalDataSource": null,
        "Microsoft.VSTS.TCM.AutomationStatus": null,
        "System.History": null
      },
      "relations": null,
      "url": "https://dev.azure.com/sikebe/_apis/wit/workItems/78"
    },
    {
      "id": 79,
      "rev": 1,
      "fields": {
        "System.AreaPath": "Tailspin",
        "System.TeamProject": "Tailspin",
        "System.IterationPath": "$ProjectName$\\Sprint 6",
        "System.WorkItemType": "Task",
        "System.State": "To Do",
        "System.Reason": "New task",
        "System.CreatedDate": "2024-02-24T12:28:52.52Z",
        "System.CreatedBy": "Shodai Ikebe <shodaiikebe@microsoft.com>",
        "System.ChangedDate": "2024-02-27T00:28:52.263Z",
        "System.ChangedBy": "Shodai Ikebe <shodaiikebe@microsoft.com>",
        "System.Title": "Check new pricing for lights, brakes and wheels",
        "Microsoft.VSTS.Scheduling.Effort": 0.0,
        "System.Description": "Check new pricing for lights, brakes and wheels",
        "System.AssignedTo": null,
        "Microsoft.VSTS.Scheduling.RemainingWork": 3.0,
        "Microsoft.VSTS.Common.Priority": 2.0,
        "System.BoardLane": null,
        "System.Tags": null,
        "Microsoft.VSTS.TCM.Steps": null,
        "Microsoft.VSTS.TCM.Parameters": null,
        "Microsoft.VSTS.TCM.LocalDataSource": null,
        "Microsoft.VSTS.TCM.AutomationStatus": null,
        "System.History": null
      },
      "relations": null,
      "url": "https://dev.azure.com/sikebe/_apis/wit/workItems/79"
    },
    {
      "id": 80,
      "rev": 1,
      "fields": {
        "System.AreaPath": "Tailspin",
        "System.TeamProject": "Tailspin",
        "System.IterationPath": "$ProjectName$\\Sprint 2",
        "System.WorkItemType": "Task",
        "System.State": "To Do",
        "System.Reason": "New task",
        "System.CreatedDate": "2024-02-23T12:28:52.52Z",
        "System.CreatedBy": "Shodai Ikebe <shodaiikebe@microsoft.com>",
        "System.ChangedDate": "2024-02-27T00:28:52.897Z",
        "System.ChangedBy": "Shodai Ikebe <shodaiikebe@microsoft.com>",
        "System.Title": "Update product selection section to move items to wishlist",
        "Microsoft.VSTS.Scheduling.Effort": 0.0,
        "System.Description": "Automation to include creation of the SQL DB on Azure",
        "System.AssignedTo": null,
        "Microsoft.VSTS.Scheduling.RemainingWork": 12.0,
        "Microsoft.VSTS.Common.Priority": 2.0,
        "System.BoardLane": null,
        "System.Tags": null,
        "Microsoft.VSTS.TCM.Steps": null,
        "Microsoft.VSTS.TCM.Parameters": null,
        "Microsoft.VSTS.TCM.LocalDataSource": null,
        "Microsoft.VSTS.TCM.AutomationStatus": null,
        "System.History": null
      },
      "relations": null,
      "url": "https://dev.azure.com/sikebe/_apis/wit/workItems/80"
    },
    {
      "id": 81,
      "rev": 2,
      "fields": {
        "System.AreaPath": "Tailspin",
        "System.TeamProject": "Tailspin",
        "System.IterationPath": "$ProjectName$\\Sprint 4",
        "System.WorkItemType": "Task",
        "System.State": "To Do",
        "System.Reason": "New task",
        "System.CreatedDate": "2024-02-23T12:28:53.53Z",
        "System.CreatedBy": "Shodai Ikebe <shodaiikebe@microsoft.com>",
        "System.ChangedDate": "2024-02-27T00:29:31.56Z",
        "System.ChangedBy": "Shodai Ikebe <shodaiikebe@microsoft.com>",
        "System.Title": "Add Terms and Conditions for Sale & Support in Layout.cshtml Page",
        "Microsoft.VSTS.Scheduling.Effort": 0.0,
        "System.Description": "Add Terms and Conditions for Sale &amp; Support in Layout.cshtml Page",
        "System.AssignedTo": null,
        "Microsoft.VSTS.Scheduling.RemainingWork": 0.0,
        "Microsoft.VSTS.Common.Priority": 2.0,
        "System.BoardLane": null,
        "System.Tags": null,
        "Microsoft.VSTS.TCM.Steps": null,
        "Microsoft.VSTS.TCM.Parameters": null,
        "Microsoft.VSTS.TCM.LocalDataSource": null,
        "Microsoft.VSTS.TCM.AutomationStatus": null,
        "System.History": null
      },
      "relations": [
        {
          "rel": "ArtifactLink",
          "url": "vstfs:///Git/PullRequestId/78cc727c-96da-4717-8273-a71958de80d2%2F71177fde-aedb-41bd-a1d8-e82e8855421e%2F$Added Terms and Conditions for Sale in Layout.cshtml Page$",
          "attributes": {
            "authorizedDate": "2024-02-27T00:29:31.56Z",
            "id": "24561542",
            "resourceCreatedDate": "2024-02-27T00:29:31.56Z",
            "resourceModifiedDate": "2024-02-27T00:29:31.56Z",
            "revisedDate": "9999-01-01T00:00:00Z",
            "name": "Pull Request"
          }
        }
      ],
      "url": "https://dev.azure.com/sikebe/_apis/wit/workItems/81"
    },
    {
      "id": 82,
      "rev": 1,
      "fields": {
        "System.AreaPath": "Tailspin",
        "System.TeamProject": "Tailspin",
        "System.IterationPath": "$ProjectName$\\Sprint 6",
        "System.WorkItemType": "Task",
        "System.State": "In Progress",
        "System.Reason": "Work started",
        "System.CreatedDate": "2024-02-24T12:28:53.53Z",
        "System.CreatedBy": "Shodai Ikebe <shodaiikebe@microsoft.com>",
        "System.ChangedDate": "2024-02-27T00:28:53.517Z",
        "System.ChangedBy": "Shodai Ikebe <shodaiikebe@microsoft.com>",
        "System.Title": "Trial CD in staging",
        "Microsoft.VSTS.Scheduling.Effort": 0.0,
        "System.Description": "Trial CD in staging",
        "System.AssignedTo": null,
        "Microsoft.VSTS.Scheduling.RemainingWork": 0.0,
        "Microsoft.VSTS.Common.Priority": 2.0,
        "System.BoardLane": null,
        "System.Tags": null,
        "Microsoft.VSTS.TCM.Steps": null,
        "Microsoft.VSTS.TCM.Parameters": null,
        "Microsoft.VSTS.TCM.LocalDataSource": null,
        "Microsoft.VSTS.TCM.AutomationStatus": null,
        "System.History": null
      },
      "relations": null,
      "url": "https://dev.azure.com/sikebe/_apis/wit/workItems/82"
    },
    {
      "id": 83,
      "rev": 1,
      "fields": {
        "System.AreaPath": "Tailspin",
        "System.TeamProject": "Tailspin",
        "System.IterationPath": "$ProjectName$\\Sprint 6",
        "System.WorkItemType": "Task",
        "System.State": "In Progress",
        "System.Reason": "Additional work found",
        "System.CreatedDate": "2024-02-25T12:28:53.53Z",
        "System.CreatedBy": "Shodai Ikebe <shodaiikebe@microsoft.com>",
        "System.ChangedDate": "2024-02-27T00:28:53.813Z",
        "System.ChangedBy": "Shodai Ikebe <shodaiikebe@microsoft.com>",
        "System.Title": "Approval for price change",
        "Microsoft.VSTS.Scheduling.Effort": 0.0,
        "System.Description": "Approval for price change",
        "System.AssignedTo": null,
        "Microsoft.VSTS.Scheduling.RemainingWork": 0.0,
        "Microsoft.VSTS.Common.Priority": 3.0,
        "System.BoardLane": null,
        "System.Tags": null,
        "Microsoft.VSTS.TCM.Steps": null,
        "Microsoft.VSTS.TCM.Parameters": null,
        "Microsoft.VSTS.TCM.LocalDataSource": null,
        "Microsoft.VSTS.TCM.AutomationStatus": null,
        "System.History": null
      },
      "relations": null,
      "url": "https://dev.azure.com/sikebe/_apis/wit/workItems/83"
    },
    {
      "id": 84,
      "rev": 1,
      "fields": {
        "System.AreaPath": "Tailspin",
        "System.TeamProject": "Tailspin",
        "System.IterationPath": "$ProjectName$\\Sprint 2",
        "System.WorkItemType": "Task",
        "System.State": "In Progress",
        "System.Reason": "Work started",
        "System.CreatedDate": "2024-02-25T12:28:53.53Z",
        "System.CreatedBy": "Shodai Ikebe <shodaiikebe@microsoft.com>",
        "System.ChangedDate": "2024-02-27T00:28:54.143Z",
        "System.ChangedBy": "Shodai Ikebe <shodaiikebe@microsoft.com>",
        "System.Title": "Add wishlist page",
        "Microsoft.VSTS.Scheduling.Effort": 0.0,
        "System.Description": "Add wishlist page",
        "System.AssignedTo": null,
        "Microsoft.VSTS.Scheduling.RemainingWork": 8.0,
        "Microsoft.VSTS.Common.Priority": 2.0,
        "System.BoardLane": null,
        "System.Tags": null,
        "Microsoft.VSTS.TCM.Steps": null,
        "Microsoft.VSTS.TCM.Parameters": null,
        "Microsoft.VSTS.TCM.LocalDataSource": null,
        "Microsoft.VSTS.TCM.AutomationStatus": null,
        "System.History": null
      },
      "relations": null,
      "url": "https://dev.azure.com/sikebe/_apis/wit/workItems/84"
    },
    {
      "id": 85,
      "rev": 1,
      "fields": {
        "System.AreaPath": "Tailspin",
        "System.TeamProject": "Tailspin",
        "System.IterationPath": "$ProjectName$\\Sprint 6",
        "System.WorkItemType": "Task",
        "System.State": "In Progress",
        "System.Reason": "Additional work found",
        "System.CreatedDate": "2024-02-24T12:28:54.54Z",
        "System.CreatedBy": "Shodai Ikebe <shodaiikebe@microsoft.com>",
        "System.ChangedDate": "2024-02-27T00:28:54.417Z",
        "System.ChangedBy": "Shodai Ikebe <shodaiikebe@microsoft.com>",
        "System.Title": "Display price change in the product section",
        "Microsoft.VSTS.Scheduling.Effort": 0.0,
        "System.Description": "The price change for a product should be displayed with a proper graphic depending on whether the price increase or decrease",
        "System.AssignedTo": null,
        "Microsoft.VSTS.Scheduling.RemainingWork": 0.0,
        "Microsoft.VSTS.Common.Priority": 2.0,
        "System.BoardLane": null,
        "System.Tags": null,
        "Microsoft.VSTS.TCM.Steps": null,
        "Microsoft.VSTS.TCM.Parameters": null,
        "Microsoft.VSTS.TCM.LocalDataSource": null,
        "Microsoft.VSTS.TCM.AutomationStatus": null,
        "System.History": null
      },
      "relations": null,
      "url": "https://dev.azure.com/sikebe/_apis/wit/workItems/85"
    },
    {
      "id": 86,
      "rev": 1,
      "fields": {
        "System.AreaPath": "Tailspin",
        "System.TeamProject": "Tailspin",
        "System.IterationPath": "$ProjectName$\\Sprint 6",
        "System.WorkItemType": "Task",
        "System.State": "In Progress",
        "System.Reason": "Additional work found",
        "System.CreatedDate": "2024-02-25T12:28:54.54Z",
        "System.CreatedBy": "Shodai Ikebe <shodaiikebe@microsoft.com>",
        "System.ChangedDate": "2024-02-27T00:28:54.703Z",
        "System.ChangedBy": "Shodai Ikebe <shodaiikebe@microsoft.com>",
        "System.Title": "Update price changes to unfinished orders",
        "Microsoft.VSTS.Scheduling.Effort": 0.0,
        "System.Description": "Update price changes to unfinished orders",
        "System.AssignedTo": null,
        "Microsoft.VSTS.Scheduling.RemainingWork": 0.0,
        "Microsoft.VSTS.Common.Priority": 2.0,
        "System.BoardLane": null,
        "System.Tags": null,
        "Microsoft.VSTS.TCM.Steps": null,
        "Microsoft.VSTS.TCM.Parameters": null,
        "Microsoft.VSTS.TCM.LocalDataSource": null,
        "Microsoft.VSTS.TCM.AutomationStatus": null,
        "System.History": null
      },
      "relations": null,
      "url": "https://dev.azure.com/sikebe/_apis/wit/workItems/86"
    },
    {
      "id": 87,
      "rev": 1,
      "fields": {
        "System.AreaPath": "Tailspin",
        "System.TeamProject": "Tailspin",
        "System.IterationPath": "$ProjectName$\\Sprint 6",
        "System.WorkItemType": "Task",
        "System.State": "In Progress",
        "System.Reason": "Additional work found",
        "System.CreatedDate": "2024-02-23T12:28:54.54Z",
        "System.CreatedBy": "Shodai Ikebe <shodaiikebe@microsoft.com>",
        "System.ChangedDate": "2024-02-27T00:28:54.97Z",
        "System.ChangedBy": "Shodai Ikebe <shodaiikebe@microsoft.com>",
        "System.Title": "Design Feedback page",
        "Microsoft.VSTS.Scheduling.Effort": 0.0,
        "System.Description": "Design the UI for a feedback section/page",
        "System.AssignedTo": null,
        "Microsoft.VSTS.Scheduling.RemainingWork": 0.0,
        "Microsoft.VSTS.Common.Priority": 2.0,
        "System.BoardLane": null,
        "System.Tags": null,
        "Microsoft.VSTS.TCM.Steps": null,
        "Microsoft.VSTS.TCM.Parameters": null,
        "Microsoft.VSTS.TCM.LocalDataSource": null,
        "Microsoft.VSTS.TCM.AutomationStatus": null,
        "System.History": null
      },
      "relations": null,
      "url": "https://dev.azure.com/sikebe/_apis/wit/workItems/87"
    },
    {
      "id": 88,
      "rev": 1,
      "fields": {
        "System.AreaPath": "Tailspin",
        "System.TeamProject": "Tailspin",
        "System.IterationPath": "$ProjectName$\\Sprint 6",
        "System.WorkItemType": "Task",
        "System.State": "In Progress",
        "System.Reason": "Additional work found",
        "System.CreatedDate": "2024-02-23T12:28:55.55Z",
        "System.CreatedBy": "Shodai Ikebe <shodaiikebe@microsoft.com>",
        "System.ChangedDate": "2024-02-27T00:28:55.237Z",
        "System.ChangedBy": "Shodai Ikebe <shodaiikebe@microsoft.com>",
        "System.Title": "Create Storyboard",
        "Microsoft.VSTS.Scheduling.Effort": 0.0,
        "System.Description": "Create Storyboard that shows the customer experience of providing feedback&nbsp;",
        "System.AssignedTo": null,
        "Microsoft.VSTS.Scheduling.RemainingWork": 0.0,
        "Microsoft.VSTS.Common.Priority": 2.0,
        "System.BoardLane": null,
        "System.Tags": null,
        "Microsoft.VSTS.TCM.Steps": null,
        "Microsoft.VSTS.TCM.Parameters": null,
        "Microsoft.VSTS.TCM.LocalDataSource": null,
        "Microsoft.VSTS.TCM.AutomationStatus": null,
        "System.History": null
      },
      "relations": null,
      "url": "https://dev.azure.com/sikebe/_apis/wit/workItems/88"
    },
    {
      "id": 89,
      "rev": 1,
      "fields": {
        "System.AreaPath": "Tailspin",
        "System.TeamProject": "Tailspin",
        "System.IterationPath": "$ProjectName$\\Sprint 6",
        "System.WorkItemType": "Task",
        "System.State": "Done",
        "System.Reason": "Work finished",
        "System.CreatedDate": "2024-02-25T12:28:55.55Z",
        "System.CreatedBy": "Shodai Ikebe <shodaiikebe@microsoft.com>",
        "System.ChangedDate": "2024-02-27T00:28:55.533Z",
        "System.ChangedBy": "Shodai Ikebe <shodaiikebe@microsoft.com>",
        "System.Title": "Storyboard the Dashboard",
        "Microsoft.VSTS.Scheduling.Effort": 0.0,
        "System.Description": "Storyboard the Dashboard",
        "System.AssignedTo": "Shodai Ikebe <shodaiikebe@microsoft.com>",
        "Microsoft.VSTS.Scheduling.RemainingWork": 0.0,
        "Microsoft.VSTS.Common.Priority": 2.0,
        "System.BoardLane": null,
        "System.Tags": null,
        "Microsoft.VSTS.TCM.Steps": null,
        "Microsoft.VSTS.TCM.Parameters": null,
        "Microsoft.VSTS.TCM.LocalDataSource": null,
        "Microsoft.VSTS.TCM.AutomationStatus": null,
        "System.History": null
      },
      "relations": null,
      "url": "https://dev.azure.com/sikebe/_apis/wit/workItems/89"
    },
    {
      "id": 90,
      "rev": 1,
      "fields": {
        "System.AreaPath": "Tailspin",
        "System.TeamProject": "Tailspin",
        "System.IterationPath": "$ProjectName$\\Sprint 6",
        "System.WorkItemType": "Task",
        "System.State": "Done",
        "System.Reason": "Work finished",
        "System.CreatedDate": "2024-02-25T12:28:55.55Z",
        "System.CreatedBy": "Shodai Ikebe <shodaiikebe@microsoft.com>",
        "System.ChangedDate": "2024-02-27T00:28:55.82Z",
        "System.ChangedBy": "Shodai Ikebe <shodaiikebe@microsoft.com>",
        "System.Title": "Develop the logic to display geo dependent prices",
        "Microsoft.VSTS.Scheduling.Effort": 0.0,
        "System.Description": "Develop the logic to display geo dependent prices",
        "System.AssignedTo": "Shodai Ikebe <shodaiikebe@microsoft.com>",
        "Microsoft.VSTS.Scheduling.RemainingWork": 0.0,
        "Microsoft.VSTS.Common.Priority": 2.0,
        "System.BoardLane": null,
        "System.Tags": null,
        "Microsoft.VSTS.TCM.Steps": null,
        "Microsoft.VSTS.TCM.Parameters": null,
        "Microsoft.VSTS.TCM.LocalDataSource": null,
        "Microsoft.VSTS.TCM.AutomationStatus": null,
        "System.History": null
      },
      "relations": null,
      "url": "https://dev.azure.com/sikebe/_apis/wit/workItems/90"
    },
    {
      "id": 91,
      "rev": 1,
      "fields": {
        "System.AreaPath": "Tailspin",
        "System.TeamProject": "Tailspin",
        "System.IterationPath": "$ProjectName$\\Sprint 6",
        "System.WorkItemType": "Task",
        "System.State": "Done",
        "System.Reason": "Work finished",
        "System.CreatedDate": "2024-02-25T12:28:55.55Z",
        "System.CreatedBy": "Shodai Ikebe <shodaiikebe@microsoft.com>",
        "System.ChangedDate": "2024-02-27T00:28:56.117Z",
        "System.ChangedBy": "Shodai Ikebe <shodaiikebe@microsoft.com>",
        "System.Title": "Prototype Azure WS",
        "Microsoft.VSTS.Scheduling.Effort": 0.0,
        "System.Description": "Prototype Azure WS",
        "System.AssignedTo": "Shodai Ikebe <shodaiikebe@microsoft.com>",
        "Microsoft.VSTS.Scheduling.RemainingWork": 0.0,
        "Microsoft.VSTS.Common.Priority": 2.0,
        "System.BoardLane": null,
        "System.Tags": null,
        "Microsoft.VSTS.TCM.Steps": null,
        "Microsoft.VSTS.TCM.Parameters": null,
        "Microsoft.VSTS.TCM.LocalDataSource": null,
        "Microsoft.VSTS.TCM.AutomationStatus": null,
        "System.History": null
      },
      "relations": null,
      "url": "https://dev.azure.com/sikebe/_apis/wit/workItems/91"
    },
    {
      "id": 92,
      "rev": 1,
      "fields": {
        "System.AreaPath": "Tailspin",
        "System.TeamProject": "Tailspin",
        "System.IterationPath": "$ProjectName$\\Sprint 6",
        "System.WorkItemType": "Task",
        "System.State": "Done",
        "System.Reason": "Work finished",
        "System.CreatedDate": "2024-02-25T12:28:56.56Z",
        "System.CreatedBy": "Shodai Ikebe <shodaiikebe@microsoft.com>",
        "System.ChangedDate": "2024-02-27T00:28:56.4Z",
        "System.ChangedBy": "Shodai Ikebe <shodaiikebe@microsoft.com>",
        "System.Title": "Storyboard the Azure WS",
        "Microsoft.VSTS.Scheduling.Effort": 0.0,
        "System.Description": "Storyboard the Azure WS",
        "System.AssignedTo": "Shodai Ikebe <shodaiikebe@microsoft.com>",
        "Microsoft.VSTS.Scheduling.RemainingWork": 0.0,
        "Microsoft.VSTS.Common.Priority": 2.0,
        "System.BoardLane": null,
        "System.Tags": null,
        "Microsoft.VSTS.TCM.Steps": null,
        "Microsoft.VSTS.TCM.Parameters": null,
        "Microsoft.VSTS.TCM.LocalDataSource": null,
        "Microsoft.VSTS.TCM.AutomationStatus": null,
        "System.History": null
      },
      "relations": null,
      "url": "https://dev.azure.com/sikebe/_apis/wit/workItems/92"
    },
    {
      "id": 93,
      "rev": 1,
      "fields": {
        "System.AreaPath": "Tailspin",
        "System.TeamProject": "Tailspin",
        "System.IterationPath": "$ProjectName$\\Sprint 1",
        "System.WorkItemType": "Task",
        "System.State": "Done",
        "System.Reason": "Work finished",
        "System.CreatedDate": "2024-02-25T12:28:56.56Z",
        "System.CreatedBy": "Shodai Ikebe <shodaiikebe@microsoft.com>",
        "System.ChangedDate": "2024-02-27T00:28:56.707Z",
        "System.ChangedBy": "Shodai Ikebe <shodaiikebe@microsoft.com>",
        "System.Title": "Create Storyboard",
        "Microsoft.VSTS.Scheduling.Effort": 0.0,
        "System.Description": "Create Storyboard",
        "System.AssignedTo": "Shodai Ikebe <shodaiikebe@microsoft.com>",
        "Microsoft.VSTS.Scheduling.RemainingWork": 0.0,
        "Microsoft.VSTS.Common.Priority": 2.0,
        "System.BoardLane": null,
        "System.Tags": null,
        "Microsoft.VSTS.TCM.Steps": null,
        "Microsoft.VSTS.TCM.Parameters": null,
        "Microsoft.VSTS.TCM.LocalDataSource": null,
        "Microsoft.VSTS.TCM.AutomationStatus": null,
        "System.History": null
      },
      "relations": null,
      "url": "https://dev.azure.com/sikebe/_apis/wit/workItems/93"
    },
    {
      "id": 94,
      "rev": 1,
      "fields": {
        "System.AreaPath": "Tailspin",
        "System.TeamProject": "Tailspin",
        "System.IterationPath": "$ProjectName$\\Sprint 1",
        "System.WorkItemType": "Task",
        "System.State": "Done",
        "System.Reason": "Work finished",
        "System.CreatedDate": "2024-02-25T12:28:56.56Z",
        "System.CreatedBy": "Shodai Ikebe <shodaiikebe@microsoft.com>",
        "System.ChangedDate": "2024-02-27T00:28:57Z",
        "System.ChangedBy": "Shodai Ikebe <shodaiikebe@microsoft.com>",
        "System.Title": "Update Orders page",
        "Microsoft.VSTS.Scheduling.Effort": 0.0,
        "System.Description": "Update Orders page",
        "System.AssignedTo": "Shodai Ikebe <shodaiikebe@microsoft.com>",
        "Microsoft.VSTS.Scheduling.RemainingWork": 0.0,
        "Microsoft.VSTS.Common.Priority": 2.0,
        "System.BoardLane": null,
        "System.Tags": null,
        "Microsoft.VSTS.TCM.Steps": null,
        "Microsoft.VSTS.TCM.Parameters": null,
        "Microsoft.VSTS.TCM.LocalDataSource": null,
        "Microsoft.VSTS.TCM.AutomationStatus": null,
        "System.History": null
      },
      "relations": null,
      "url": "https://dev.azure.com/sikebe/_apis/wit/workItems/94"
    },
    {
      "id": 95,
      "rev": 1,
      "fields": {
        "System.AreaPath": "Tailspin",
        "System.TeamProject": "Tailspin",
        "System.IterationPath": "$ProjectName$\\Sprint 1",
        "System.WorkItemType": "Task",
        "System.State": "Done",
        "System.Reason": "Work finished",
        "System.CreatedDate": "2024-02-23T12:28:57.57Z",
        "System.CreatedBy": "Shodai Ikebe <shodaiikebe@microsoft.com>",
        "System.ChangedDate": "2024-02-27T00:28:57.29Z",
        "System.ChangedBy": "Shodai Ikebe <shodaiikebe@microsoft.com>",
        "System.Title": "Add shipment tracking page",
        "Microsoft.VSTS.Scheduling.Effort": 0.0,
        "System.Description": "Add shipment tracking page",
        "System.AssignedTo": "Shodai Ikebe <shodaiikebe@microsoft.com>",
        "Microsoft.VSTS.Scheduling.RemainingWork": 0.0,
        "Microsoft.VSTS.Common.Priority": 3.0,
        "System.BoardLane": null,
        "System.Tags": null,
        "Microsoft.VSTS.TCM.Steps": null,
        "Microsoft.VSTS.TCM.Parameters": null,
        "Microsoft.VSTS.TCM.LocalDataSource": null,
        "Microsoft.VSTS.TCM.AutomationStatus": null,
        "System.History": null
      },
      "relations": null,
      "url": "https://dev.azure.com/sikebe/_apis/wit/workItems/95"
    },
    {
      "id": 96,
      "rev": 1,
      "fields": {
        "System.AreaPath": "Tailspin",
        "System.TeamProject": "Tailspin",
        "System.IterationPath": "$ProjectName$\\Sprint 1",
        "System.WorkItemType": "Task",
        "System.State": "Done",
        "System.Reason": "Work finished",
        "System.CreatedDate": "2024-02-23T12:28:57.57Z",
        "System.CreatedBy": "Shodai Ikebe <shodaiikebe@microsoft.com>",
        "System.ChangedDate": "2024-02-27T00:28:57.573Z",
        "System.ChangedBy": "Shodai Ikebe <shodaiikebe@microsoft.com>",
        "System.Title": "Generate gift return slip",
        "Microsoft.VSTS.Scheduling.Effort": 0.0,
        "System.Description": "Generate gift return slip",
        "System.AssignedTo": "Shodai Ikebe <shodaiikebe@microsoft.com>",
        "Microsoft.VSTS.Scheduling.RemainingWork": 0.0,
        "Microsoft.VSTS.Common.Priority": 2.0,
        "System.BoardLane": null,
        "System.Tags": null,
        "Microsoft.VSTS.TCM.Steps": null,
        "Microsoft.VSTS.TCM.Parameters": null,
        "Microsoft.VSTS.TCM.LocalDataSource": null,
        "Microsoft.VSTS.TCM.AutomationStatus": null,
        "System.History": null
      },
      "relations": null,
      "url": "https://dev.azure.com/sikebe/_apis/wit/workItems/96"
    },
    {
      "id": 97,
      "rev": 1,
      "fields": {
        "System.AreaPath": "Tailspin",
        "System.TeamProject": "Tailspin",
        "System.IterationPath": "$ProjectName$\\Sprint 1",
        "System.WorkItemType": "Task",
        "System.State": "Done",
        "System.Reason": "Work finished",
        "System.CreatedDate": "2024-02-24T12:28:57.57Z",
        "System.CreatedBy": "Shodai Ikebe <shodaiikebe@microsoft.com>",
        "System.ChangedDate": "2024-02-27T00:28:57.87Z",
        "System.ChangedBy": "Shodai Ikebe <shodaiikebe@microsoft.com>",
        "System.Title": "Update Gift selection page to include a message",
        "Microsoft.VSTS.Scheduling.Effort": 0.0,
        "System.Description": "Update Gift selection page to include a message",
        "System.AssignedTo": "Shodai Ikebe <shodaiikebe@microsoft.com>",
        "Microsoft.VSTS.Scheduling.RemainingWork": 0.0,
        "Microsoft.VSTS.Common.Priority": 2.0,
        "System.BoardLane": null,
        "System.Tags": null,
        "Microsoft.VSTS.TCM.Steps": null,
        "Microsoft.VSTS.TCM.Parameters": null,
        "Microsoft.VSTS.TCM.LocalDataSource": null,
        "Microsoft.VSTS.TCM.AutomationStatus": null,
        "System.History": null
      },
      "relations": null,
      "url": "https://dev.azure.com/sikebe/_apis/wit/workItems/97"
    },
    {
      "id": 98,
      "rev": 1,
      "fields": {
        "System.AreaPath": "Tailspin",
        "System.TeamProject": "Tailspin",
        "System.IterationPath": "$ProjectName$\\Sprint 2",
        "System.WorkItemType": "Task",
        "System.State": "Done",
        "System.Reason": "Work finished",
        "System.CreatedDate": "2024-02-23T12:28:58.58Z",
        "System.CreatedBy": "Shodai Ikebe <shodaiikebe@microsoft.com>",
        "System.ChangedDate": "2024-02-27T00:28:58.163Z",
        "System.ChangedBy": "Shodai Ikebe <shodaiikebe@microsoft.com>",
        "System.Title": "Update order confirmation page",
        "Microsoft.VSTS.Scheduling.Effort": 0.0,
        "System.Description": "Update order confirmation page",
        "System.AssignedTo": "Shodai Ikebe <shodaiikebe@microsoft.com>",
        "Microsoft.VSTS.Scheduling.RemainingWork": 0.0,
        "Microsoft.VSTS.Common.Priority": 2.0,
        "System.BoardLane": null,
        "System.Tags": null,
        "Microsoft.VSTS.TCM.Steps": null,
        "Microsoft.VSTS.TCM.Parameters": null,
        "Microsoft.VSTS.TCM.LocalDataSource": null,
        "Microsoft.VSTS.TCM.AutomationStatus": null,
        "System.History": null
      },
      "relations": null,
      "url": "https://dev.azure.com/sikebe/_apis/wit/workItems/98"
    },
    {
      "id": 99,
      "rev": 1,
      "fields": {
        "System.AreaPath": "Tailspin",
        "System.TeamProject": "Tailspin",
        "System.IterationPath": "$ProjectName$\\Sprint 2",
        "System.WorkItemType": "Task",
        "System.State": "Done",
        "System.Reason": "Work finished",
        "System.CreatedDate": "2024-02-23T12:28:58.58Z",
        "System.CreatedBy": "Shodai Ikebe <shodaiikebe@microsoft.com>",
        "System.ChangedDate": "2024-02-27T00:28:58.45Z",
        "System.ChangedBy": "Shodai Ikebe <shodaiikebe@microsoft.com>",
        "System.Title": "Calculate delivery date based on shipping method",
        "Microsoft.VSTS.Scheduling.Effort": 0.0,
        "System.Description": "Calculate delivery date based on shipping method",
        "System.AssignedTo": "Shodai Ikebe <shodaiikebe@microsoft.com>",
        "Microsoft.VSTS.Scheduling.RemainingWork": 0.0,
        "Microsoft.VSTS.Common.Priority": 2.0,
        "System.BoardLane": null,
        "System.Tags": null,
        "Microsoft.VSTS.TCM.Steps": null,
        "Microsoft.VSTS.TCM.Parameters": null,
        "Microsoft.VSTS.TCM.LocalDataSource": null,
        "Microsoft.VSTS.TCM.AutomationStatus": null,
        "System.History": null
      },
      "relations": null,
      "url": "https://dev.azure.com/sikebe/_apis/wit/workItems/99"
    },
    {
      "id": 100,
      "rev": 1,
      "fields": {
        "System.AreaPath": "Tailspin",
        "System.TeamProject": "Tailspin",
        "System.IterationPath": "$ProjectName$\\Sprint 6",
        "System.WorkItemType": "Task",
        "System.State": "Done",
        "System.Reason": "Work finished",
        "System.CreatedDate": "2024-02-23T12:28:58.58Z",
        "System.CreatedBy": "Shodai Ikebe <shodaiikebe@microsoft.com>",
        "System.ChangedDate": "2024-02-27T00:28:58.753Z",
        "System.ChangedBy": "Shodai Ikebe <shodaiikebe@microsoft.com>",
        "System.Title": "Update add product section with Gift options",
        "Microsoft.VSTS.Scheduling.Effort": 0.0,
        "System.Description": "Update add product section with Gift options",
        "System.AssignedTo": "Shodai Ikebe <shodaiikebe@microsoft.com>",
        "Microsoft.VSTS.Scheduling.RemainingWork": 0.0,
        "Microsoft.VSTS.Common.Priority": 2.0,
        "System.BoardLane": null,
        "System.Tags": null,
        "Microsoft.VSTS.TCM.Steps": null,
        "Microsoft.VSTS.TCM.Parameters": null,
        "Microsoft.VSTS.TCM.LocalDataSource": null,
        "Microsoft.VSTS.TCM.AutomationStatus": null,
        "System.History": null
      },
      "relations": null,
      "url": "https://dev.azure.com/sikebe/_apis/wit/workItems/100"
    }
  ],
  "HttpStatusCode": 0,
  "Message": null
}